"Name","Year","Rank"
"Aaron","1904",NA
"Abdul","1904",NA
"Adam","1904",NA
"Adrian","1904",NA
"Aidan","1904",NA
"Alan","1904",62
"Albert","1904",9
"Alec","1904",90
"Alex","1904",NA
"Alexander","1904",42
"Alfie","1904",NA
"Alfred","1904",11
"Allan","1904",92
"Andrew","1904",71
"Anthony","1904",91
"Antony","1904",NA
"Archibald","1904",60
"Archie","1904",NA
"Arnold","1904",75
"Arthur","1904",5
"Ashley","1904",NA
"Austin","1904",NA
"Bailey","1904",NA
"Barrie","1904",NA
"Barry","1904",NA
"Basil","1904",NA
"Ben","1904",NA
"Benjamin","1904",53
"Bernard","1904",45
"Bertie","1904",69
"Bertram","1904",74
"Billy","1904",NA
"Blake","1904",NA
"Bobby","1904",NA
"Bradley","1904",NA
"Brandon","1904",NA
"Brett","1904",NA
"Brian","1904",NA
"Bruce","1904",NA
"Bryan","1904",NA
"Caleb","1904",NA
"Callum","1904",NA
"Cameron","1904",NA
"Carl","1904",NA
"Carter","1904",NA
"Cecil","1904",34
"Charles","1904",7
"Charlie","1904",NA
"Christian","1904",NA
"Christopher","1904",61
"Clarence","1904",77
"Claude","1904",83
"Clifford","1904",43
"Clive","1904",NA
"Colin","1904",96
"Connor","1904",NA
"Conor","1904",NA
"Corey","1904",NA
"Craig","1904",NA
"Cyril","1904",26
"Dale","1904",NA
"Damian","1904",NA
"Damien","1904",NA
"Daniel","1904",57
"Danny","1904",NA
"Darren","1904",NA
"David","1904",30
"Dean","1904",NA
"Declan","1904",NA
"Denis","1904",98
"Dennis","1904",87
"Derek","1904",NA
"Derrick","1904",NA
"Desmond","1904",NA
"Dexter","1904",NA
"Dominic","1904",NA
"Donald","1904",51
"Douglas","1904",54
"Duncan","1904",NA
"Dylan","1904",NA
"Edgar","1904",49
"Edmund","1904",76
"Edward","1904",12
"Edwin","1904",40
"Elijah","1904",NA
"Elliot","1904",NA
"Elliott","1904",NA
"Ellis","1904",NA
"Eric","1904",35
"Ernest","1904",10
"Ethan","1904",NA
"Evan","1904",88
"Ewan","1904",NA
"Felix","1904",NA
"Finlay","1904",NA
"Finley","1904",NA
"Francis","1904",28
"Frank","1904",16
"Frankie","1904",NA
"Fred","1904",38
"Freddie","1904",NA
"Frederick","1904",8
"Gabriel","1904",NA
"Gareth","1904",NA
"Garry","1904",NA
"Gary","1904",NA
"Gavin","1904",NA
"Geoffrey","1904",58
"George","1904",3
"Gerald","1904",68
"Gerard","1904",NA
"Gilbert","1904",64
"Glen","1904",NA
"Glenn","1904",NA
"Gordon","1904",82
"Graeme","1904",NA
"Graham","1904",NA
"Gregory","1904",NA
"Guy","1904",NA
"Harley","1904",NA
"Harold","1904",14
"Harrison","1904",NA
"Harry","1904",18
"Harvey","1904",NA
"Hector","1904",89
"Henry","1904",17
"Herbert","1904",21
"Horace","1904",37
"Howard","1904",95
"Hubert","1904",65
"Hugh","1904",55
"Hugo","1904",NA
"Iain","1904",NA
"Ian","1904",NA
"Ibrahim","1904",NA
"Isaac","1904",NA
"Ivan","1904",NA
"Ivor","1904",79
"Jack","1904",39
"Jackson","1904",NA
"Jacob","1904",NA
"Jake","1904",NA
"James","1904",6
"Jamie","1904",NA
"Jason","1904",NA
"Jaxon","1904",NA
"Jay","1904",NA
"Jayden","1904",NA
"Jeffrey","1904",NA
"Jenson","1904",NA
"Jeremy","1904",NA
"Jesse","1904",100
"Joe","1904",NA
"Joel","1904",NA
"John","1904",2
"Jonathan","1904",NA
"Jordan","1904",NA
"Joseph","1904",13
"Josh","1904",NA
"Joshua","1904",NA
"Jude","1904",NA
"Julian","1904",NA
"Justin","1904",NA
"Kai","1904",NA
"Karl","1904",NA
"Keith","1904",NA
"Kenneth","1904",52
"Kevin","1904",NA
"Kian","1904",NA
"Kieran","1904",NA
"Kyle","1904",NA
"Laurence","1904",99
"Lawrence","1904",56
"Lee","1904",NA
"Leigh","1904",NA
"Leo","1904",NA
"Leon","1904",NA
"Leonard","1904",22
"Leslie","1904",24
"Lewis","1904",70
"Liam","1904",NA
"Lionel","1904",86
"Logan","1904",NA
"Louie","1904",NA
"Louis","1904",78
"Luca","1904",NA
"Lucas","1904",NA
"Luke","1904",NA
"Malcolm","1904",NA
"Marc","1904",NA
"Marcus","1904",NA
"Mark","1904",81
"Martin","1904",85
"Martyn","1904",NA
"Mason","1904",NA
"Mathew","1904",NA
"Matthew","1904",84
"Maurice","1904",50
"Max","1904",NA
"Melvyn","1904",NA
"Michael","1904",46
"Mitchell","1904",NA
"Mohamed","1904",NA
"Mohammad","1904",NA
"Mohammed","1904",NA
"Morgan","1904",NA
"Morris","1904",97
"Muhammad","1904",NA
"Nathan","1904",NA
"Neil","1904",NA
"Neville","1904",NA
"Nicholas","1904",NA
"Nigel","1904",NA
"Noah","1904",NA
"Noel","1904",NA
"Norman","1904",33
"Oliver","1904",93
"Ollie","1904",NA
"Oscar","1904",NA
"Owen","1904",94
"Patrick","1904",44
"Paul","1904",NA
"Percival","1904",72
"Percy","1904",29
"Peter","1904",59
"Philip","1904",48
"Phillip","1904",NA
"Ralph","1904",66
"Raymond","1904",73
"Reece","1904",NA
"Reggie","1904",NA
"Reginald","1904",20
"Reuben","1904",NA
"Rhys","1904",NA
"Richard","1904",25
"Ricky","1904",NA
"Riley","1904",NA
"Robert","1904",15
"Robin","1904",NA
"Rodney","1904",NA
"Roger","1904",NA
"Roland","1904",80
"Roman","1904",NA
"Ronald","1904",41
"Ronnie","1904",NA
"Rory","1904",NA
"Ross","1904",NA
"Roy","1904",NA
"Royston","1904",NA
"Russell","1904",NA
"Ryan","1904",NA
"Sam","1904",NA
"Samuel","1904",32
"Scott","1904",NA
"Sean","1904",NA
"Sebastian","1904",NA
"Seth","1904",NA
"Shane","1904",NA
"Shaun","1904",NA
"Sidney","1904",27
"Simon","1904",NA
"Sonny","1904",NA
"Stanley","1904",23
"Stephen","1904",67
"Steven","1904",NA
"Stewart","1904",NA
"Stuart","1904",NA
"Sydney","1904",36
"Taylor","1904",NA
"Teddy","1904",NA
"Terence","1904",NA
"Terry","1904",NA
"Theo","1904",NA
"Theodore","1904",NA
"Thomas","1904",4
"Timothy","1904",NA
"Toby","1904",NA
"Tom","1904",63
"Tommy","1904",NA
"Tony","1904",NA
"Trevor","1904",NA
"Tyler","1904",NA
"Victor","1904",47
"Vincent","1904",NA
"Walter","1904",19
"Wayne","1904",NA
"Wilfred","1904",31
"William","1904",1
"Zachary","1904",NA
"Zak","1904",NA
"Aaron","1914",NA
"Abdul","1914",NA
"Adam","1914",NA
"Adrian","1914",NA
"Aidan","1914",NA
"Alan","1914",58
"Albert","1914",8
"Alec","1914",84
"Alex","1914",NA
"Alexander","1914",53
"Alfie","1914",NA
"Alfred","1914",14
"Allan","1914",89
"Andrew","1914",67
"Anthony","1914",76
"Antony","1914",NA
"Archibald","1914",88
"Archie","1914",NA
"Arnold","1914",75
"Arthur","1914",6
"Ashley","1914",NA
"Austin","1914",NA
"Bailey","1914",NA
"Barrie","1914",NA
"Barry","1914",NA
"Basil","1914",92
"Ben","1914",NA
"Benjamin","1914",63
"Bernard","1914",40
"Bertie","1914",NA
"Bertram","1914",77
"Billy","1914",NA
"Blake","1914",NA
"Bobby","1914",NA
"Bradley","1914",NA
"Brandon","1914",NA
"Brett","1914",NA
"Brian","1914",NA
"Bruce","1914",NA
"Bryan","1914",NA
"Caleb","1914",NA
"Callum","1914",NA
"Cameron","1914",NA
"Carl","1914",NA
"Carter","1914",NA
"Cecil","1914",46
"Charles","1914",9
"Charlie","1914",NA
"Christian","1914",NA
"Christopher","1914",66
"Clarence","1914",90
"Claude","1914",97
"Clifford","1914",45
"Clive","1914",NA
"Colin","1914",82
"Connor","1914",NA
"Conor","1914",NA
"Corey","1914",NA
"Craig","1914",NA
"Cyril","1914",29
"Dale","1914",NA
"Damian","1914",NA
"Damien","1914",NA
"Daniel","1914",59
"Danny","1914",NA
"Darren","1914",NA
"David","1914",32
"Dean","1914",NA
"Declan","1914",NA
"Denis","1914",69
"Dennis","1914",56
"Derek","1914",NA
"Derrick","1914",NA
"Desmond","1914",NA
"Dexter","1914",NA
"Dominic","1914",NA
"Donald","1914",41
"Douglas","1914",57
"Duncan","1914",NA
"Dylan","1914",NA
"Edgar","1914",65
"Edmund","1914",80
"Edward","1914",11
"Edwin","1914",50
"Elijah","1914",NA
"Elliot","1914",NA
"Elliott","1914",NA
"Ellis","1914",NA
"Eric","1914",27
"Ernest","1914",13
"Ethan","1914",NA
"Evan","1914",96
"Ewan","1914",NA
"Felix","1914",NA
"Finlay","1914",NA
"Finley","1914",NA
"Francis","1914",34
"Frank","1914",15
"Frankie","1914",NA
"Fred","1914",47
"Freddie","1914",NA
"Frederick","1914",7
"Gabriel","1914",NA
"Gareth","1914",NA
"Garry","1914",NA
"Gary","1914",NA
"Gavin","1914",NA
"Geoffrey","1914",55
"George","1914",3
"Gerald","1914",70
"Gerard","1914",NA
"Gilbert","1914",72
"Glen","1914",NA
"Glenn","1914",NA
"Gordon","1914",54
"Graeme","1914",NA
"Graham","1914",NA
"Gregory","1914",NA
"Guy","1914",NA
"Harley","1914",NA
"Harold","1914",18
"Harrison","1914",NA
"Harry","1914",19
"Harvey","1914",NA
"Hector","1914",NA
"Henry","1914",16
"Herbert","1914",25
"Horace","1914",43
"Howard","1914",95
"Hubert","1914",71
"Hugh","1914",61
"Hugo","1914",NA
"Iain","1914",NA
"Ian","1914",NA
"Ibrahim","1914",NA
"Isaac","1914",NA
"Ivan","1914",NA
"Ivor","1914",73
"Jack","1914",30
"Jackson","1914",NA
"Jacob","1914",NA
"Jake","1914",NA
"James","1914",5
"Jamie","1914",NA
"Jason","1914",NA
"Jaxon","1914",NA
"Jay","1914",NA
"Jayden","1914",NA
"Jeffrey","1914",NA
"Jenson","1914",NA
"Jeremy","1914",NA
"Jesse","1914",NA
"Joe","1914",NA
"Joel","1914",NA
"John","1914",1
"Jonathan","1914",NA
"Jordan","1914",NA
"Joseph","1914",12
"Josh","1914",NA
"Joshua","1914",NA
"Jude","1914",NA
"Julian","1914",NA
"Justin","1914",NA
"Kai","1914",NA
"Karl","1914",NA
"Keith","1914",NA
"Kenneth","1914",33
"Kevin","1914",NA
"Kian","1914",NA
"Kieran","1914",NA
"Kyle","1914",NA
"Laurence","1914",87
"Lawrence","1914",62
"Lee","1914",NA
"Leigh","1914",NA
"Leo","1914",NA
"Leon","1914",NA
"Leonard","1914",20
"Leslie","1914",17
"Lewis","1914",78
"Liam","1914",NA
"Lionel","1914",81
"Logan","1914",NA
"Louie","1914",NA
"Louis","1914",79
"Luca","1914",NA
"Lucas","1914",NA
"Luke","1914",NA
"Malcolm","1914",NA
"Marc","1914",NA
"Marcus","1914",NA
"Mark","1914",NA
"Martin","1914",86
"Martyn","1914",NA
"Mason","1914",NA
"Mathew","1914",NA
"Matthew","1914",85
"Maurice","1914",48
"Max","1914",NA
"Melvyn","1914",NA
"Michael","1914",39
"Mitchell","1914",NA
"Mohamed","1914",NA
"Mohammad","1914",NA
"Mohammed","1914",NA
"Morgan","1914",NA
"Morris","1914",NA
"Muhammad","1914",NA
"Nathan","1914",NA
"Neil","1914",NA
"Neville","1914",NA
"Nicholas","1914",NA
"Nigel","1914",NA
"Noah","1914",NA
"Noel","1914",NA
"Norman","1914",28
"Oliver","1914",NA
"Ollie","1914",NA
"Oscar","1914",NA
"Owen","1914",98
"Patrick","1914",38
"Paul","1914",93
"Percival","1914",94
"Percy","1914",44
"Peter","1914",42
"Philip","1914",52
"Phillip","1914",99
"Ralph","1914",60
"Raymond","1914",51
"Reece","1914",NA
"Reggie","1914",NA
"Reginald","1914",24
"Reuben","1914",NA
"Rhys","1914",NA
"Richard","1914",26
"Ricky","1914",NA
"Riley","1914",NA
"Robert","1914",10
"Robin","1914",NA
"Rodney","1914",NA
"Roger","1914",NA
"Roland","1914",83
"Roman","1914",NA
"Ronald","1914",21
"Ronnie","1914",NA
"Rory","1914",NA
"Ross","1914",NA
"Roy","1914",64
"Royston","1914",NA
"Russell","1914",NA
"Ryan","1914",NA
"Sam","1914",NA
"Samuel","1914",36
"Scott","1914",NA
"Sean","1914",NA
"Sebastian","1914",NA
"Seth","1914",NA
"Shane","1914",NA
"Shaun","1914",NA
"Sidney","1914",31
"Simon","1914",NA
"Sonny","1914",NA
"Stanley","1914",22
"Stephen","1914",68
"Steven","1914",NA
"Stewart","1914",NA
"Stuart","1914",NA
"Sydney","1914",37
"Taylor","1914",NA
"Teddy","1914",NA
"Terence","1914",NA
"Terry","1914",NA
"Theo","1914",NA
"Theodore","1914",NA
"Thomas","1914",4
"Timothy","1914",NA
"Toby","1914",NA
"Tom","1914",74
"Tommy","1914",NA
"Tony","1914",NA
"Trevor","1914",100
"Tyler","1914",NA
"Victor","1914",49
"Vincent","1914",91
"Walter","1914",23
"Wayne","1914",NA
"Wilfred","1914",35
"William","1914",2
"Zachary","1914",NA
"Zak","1914",NA
"Aaron","1924",NA
"Abdul","1924",NA
"Adam","1924",NA
"Adrian","1924",NA
"Aidan","1924",NA
"Alan","1924",37
"Albert","1924",13
"Alec","1924",94
"Alex","1924",NA
"Alexander","1924",54
"Alfie","1924",NA
"Alfred","1924",27
"Allan","1924",75
"Andrew","1924",73
"Anthony","1924",49
"Antony","1924",NA
"Archibald","1924",NA
"Archie","1924",NA
"Arnold","1924",81
"Arthur","1924",9
"Ashley","1924",NA
"Austin","1924",NA
"Bailey","1924",NA
"Barrie","1924",NA
"Barry","1924",NA
"Basil","1924",80
"Ben","1924",NA
"Benjamin","1924",83
"Bernard","1924",42
"Bertie","1924",NA
"Bertram","1924",NA
"Billy","1924",NA
"Blake","1924",NA
"Bobby","1924",NA
"Bradley","1924",NA
"Brandon","1924",NA
"Brett","1924",NA
"Brian","1924",66
"Bruce","1924",NA
"Bryan","1924",NA
"Caleb","1924",NA
"Callum","1924",NA
"Cameron","1924",NA
"Carl","1924",NA
"Carter","1924",NA
"Cecil","1924",60
"Charles","1924",14
"Charlie","1924",NA
"Christian","1924",NA
"Christopher","1924",69
"Clarence","1924",NA
"Claude","1924",NA
"Clifford","1924",48
"Clive","1924",NA
"Colin","1924",61
"Connor","1924",NA
"Conor","1924",NA
"Corey","1924",NA
"Craig","1924",NA
"Cyril","1924",35
"Dale","1924",NA
"Damian","1924",NA
"Damien","1924",NA
"Daniel","1924",72
"Danny","1924",NA
"Darren","1924",NA
"David","1924",21
"Dean","1924",NA
"Declan","1924",NA
"Denis","1924",58
"Dennis","1924",20
"Derek","1924",52
"Derrick","1924",74
"Desmond","1924",65
"Dexter","1924",NA
"Dominic","1924",NA
"Donald","1924",29
"Douglas","1924",38
"Duncan","1924",NA
"Dylan","1924",NA
"Edgar","1924",84
"Edmund","1924",96
"Edward","1924",12
"Edwin","1924",56
"Elijah","1924",NA
"Elliot","1924",NA
"Elliott","1924",NA
"Ellis","1924",NA
"Eric","1924",18
"Ernest","1924",23
"Ethan","1924",NA
"Evan","1924",NA
"Ewan","1924",NA
"Felix","1924",NA
"Finlay","1924",NA
"Finley","1924",NA
"Francis","1924",43
"Frank","1924",19
"Frankie","1924",NA
"Fred","1924",63
"Freddie","1924",NA
"Frederick","1924",10
"Gabriel","1924",NA
"Gareth","1924",NA
"Garry","1924",NA
"Gary","1924",NA
"Gavin","1924",NA
"Geoffrey","1924",36
"George","1924",3
"Gerald","1924",51
"Gerard","1924",NA
"Gilbert","1924",95
"Glen","1924",NA
"Glenn","1924",NA
"Gordon","1924",39
"Graeme","1924",NA
"Graham","1924",92
"Gregory","1924",NA
"Guy","1924",NA
"Harley","1924",NA
"Harold","1924",26
"Harrison","1924",NA
"Harry","1924",30
"Harvey","1924",NA
"Hector","1924",NA
"Henry","1924",24
"Herbert","1924",46
"Horace","1924",70
"Howard","1924",93
"Hubert","1924",87
"Hugh","1924",71
"Hugo","1924",NA
"Iain","1924",NA
"Ian","1924",85
"Ibrahim","1924",NA
"Isaac","1924",NA
"Ivan","1924",97
"Ivor","1924",77
"Jack","1924",33
"Jackson","1924",NA
"Jacob","1924",NA
"Jake","1924",NA
"James","1924",4
"Jamie","1924",NA
"Jason","1924",NA
"Jaxon","1924",NA
"Jay","1924",NA
"Jayden","1924",NA
"Jeffrey","1924",NA
"Jenson","1924",NA
"Jeremy","1924",NA
"Jesse","1924",NA
"Joe","1924",NA
"Joel","1924",NA
"John","1924",1
"Jonathan","1924",NA
"Jordan","1924",NA
"Joseph","1924",16
"Josh","1924",NA
"Joshua","1924",NA
"Jude","1924",NA
"Julian","1924",NA
"Justin","1924",NA
"Kai","1924",NA
"Karl","1924",NA
"Keith","1924",86
"Kenneth","1924",7
"Kevin","1924",NA
"Kian","1924",NA
"Kieran","1924",NA
"Kyle","1924",NA
"Laurence","1924",100
"Lawrence","1924",62
"Lee","1924",NA
"Leigh","1924",NA
"Leo","1924",NA
"Leon","1924",NA
"Leonard","1924",25
"Leslie","1924",15
"Lewis","1924",98
"Liam","1924",NA
"Lionel","1924",90
"Logan","1924",NA
"Louie","1924",NA
"Louis","1924",NA
"Luca","1924",NA
"Lucas","1924",NA
"Luke","1924",NA
"Malcolm","1924",NA
"Marc","1924",NA
"Marcus","1924",NA
"Mark","1924",NA
"Martin","1924",89
"Martyn","1924",NA
"Mason","1924",NA
"Mathew","1924",NA
"Matthew","1924",NA
"Maurice","1924",47
"Max","1924",NA
"Melvyn","1924",NA
"Michael","1924",40
"Mitchell","1924",NA
"Mohamed","1924",NA
"Mohammad","1924",NA
"Mohammed","1924",91
"Morgan","1924",NA
"Morris","1924",NA
"Muhammad","1924",NA
"Nathan","1924",NA
"Neil","1924",NA
"Neville","1924",NA
"Nicholas","1924",NA
"Nigel","1924",NA
"Noah","1924",NA
"Noel","1924",NA
"Norman","1924",22
"Oliver","1924",NA
"Ollie","1924",NA
"Oscar","1924",NA
"Owen","1924",99
"Patrick","1924",44
"Paul","1924",88
"Percival","1924",NA
"Percy","1924",67
"Peter","1924",11
"Philip","1924",53
"Phillip","1924",NA
"Ralph","1924",64
"Raymond","1924",28
"Reece","1924",NA
"Reggie","1924",NA
"Reginald","1924",31
"Reuben","1924",NA
"Rhys","1924",NA
"Richard","1924",32
"Ricky","1924",NA
"Riley","1924",NA
"Robert","1924",8
"Robin","1924",NA
"Rodney","1924",NA
"Roger","1924",NA
"Roland","1924",82
"Roman","1924",NA
"Ronald","1924",6
"Ronnie","1924",NA
"Rory","1924",NA
"Ross","1924",NA
"Roy","1924",41
"Royston","1924",NA
"Russell","1924",NA
"Ryan","1924",NA
"Sam","1924",NA
"Samuel","1924",57
"Scott","1924",NA
"Sean","1924",NA
"Sebastian","1924",NA
"Seth","1924",NA
"Shane","1924",NA
"Shaun","1924",NA
"Sidney","1924",45
"Simon","1924",NA
"Sonny","1924",NA
"Stanley","1924",17
"Stephen","1924",76
"Steven","1924",NA
"Stewart","1924",NA
"Stuart","1924",NA
"Sydney","1924",59
"Taylor","1924",NA
"Teddy","1924",NA
"Terence","1924",68
"Terry","1924",NA
"Theo","1924",NA
"Theodore","1924",NA
"Thomas","1924",5
"Timothy","1924",NA
"Toby","1924",NA
"Tom","1924",NA
"Tommy","1924",NA
"Tony","1924",NA
"Trevor","1924",79
"Tyler","1924",NA
"Victor","1924",50
"Vincent","1924",78
"Walter","1924",34
"Wayne","1924",NA
"Wilfred","1924",55
"William","1924",2
"Zachary","1924",NA
"Zak","1924",NA
"Aaron","1934",NA
"Abdul","1934",78
"Adam","1934",NA
"Adrian","1934",NA
"Aidan","1934",NA
"Alan","1934",13
"Albert","1934",35
"Alec","1934",100
"Alex","1934",NA
"Alexander","1934",66
"Alfie","1934",NA
"Alfred","1934",49
"Allan","1934",65
"Andrew","1934",79
"Anthony","1934",16
"Antony","1934",NA
"Archibald","1934",NA
"Archie","1934",NA
"Arnold","1934",98
"Arthur","1934",25
"Ashley","1934",NA
"Austin","1934",NA
"Bailey","1934",NA
"Barrie","1934",92
"Barry","1934",53
"Basil","1934",NA
"Ben","1934",NA
"Benjamin","1934",NA
"Bernard","1934",38
"Bertie","1934",NA
"Bertram","1934",NA
"Billy","1934",NA
"Blake","1934",NA
"Bobby","1934",NA
"Bradley","1934",NA
"Brandon","1934",NA
"Brett","1934",NA
"Brian","1934",4
"Bruce","1934",NA
"Bryan","1934",58
"Caleb","1934",NA
"Callum","1934",NA
"Cameron","1934",NA
"Carl","1934",NA
"Carter","1934",NA
"Cecil","1934",94
"Charles","1934",29
"Charlie","1934",NA
"Christian","1934",NA
"Christopher","1934",57
"Clarence","1934",NA
"Claude","1934",NA
"Clifford","1934",60
"Clive","1934",70
"Colin","1934",26
"Connor","1934",NA
"Conor","1934",NA
"Corey","1934",NA
"Craig","1934",NA
"Cyril","1934",61
"Dale","1934",NA
"Damian","1934",NA
"Damien","1934",NA
"Daniel","1934",71
"Danny","1934",NA
"Darren","1934",NA
"David","1934",5
"Dean","1934",NA
"Declan","1934",NA
"Denis","1934",64
"Dennis","1934",19
"Derek","1934",14
"Derrick","1934",77
"Desmond","1934",88
"Dexter","1934",NA
"Dominic","1934",NA
"Donald","1934",18
"Douglas","1934",44
"Duncan","1934",NA
"Dylan","1934",NA
"Edgar","1934",NA
"Edmund","1934",NA
"Edward","1934",20
"Edwin","1934",74
"Elijah","1934",NA
"Elliot","1934",NA
"Elliott","1934",NA
"Ellis","1934",NA
"Eric","1934",27
"Ernest","1934",47
"Ethan","1934",NA
"Evan","1934",NA
"Ewan","1934",NA
"Felix","1934",NA
"Finlay","1934",NA
"Finley","1934",NA
"Francis","1934",42
"Frank","1934",34
"Frankie","1934",NA
"Fred","1934",97
"Freddie","1934",NA
"Frederick","1934",24
"Gabriel","1934",NA
"Gareth","1934",NA
"Garry","1934",NA
"Gary","1934",NA
"Gavin","1934",NA
"Geoffrey","1934",33
"George","1934",10
"Gerald","1934",40
"Gerard","1934",NA
"Gilbert","1934",NA
"Glen","1934",NA
"Glenn","1934",NA
"Gordon","1934",21
"Graeme","1934",NA
"Graham","1934",50
"Gregory","1934",NA
"Guy","1934",NA
"Harley","1934",NA
"Harold","1934",48
"Harrison","1934",NA
"Harry","1934",51
"Harvey","1934",NA
"Hector","1934",NA
"Henry","1934",45
"Herbert","1934",73
"Horace","1934",NA
"Howard","1934",NA
"Hubert","1934",NA
"Hugh","1934",81
"Hugo","1934",NA
"Iain","1934",NA
"Ian","1934",55
"Ibrahim","1934",NA
"Isaac","1934",NA
"Ivan","1934",91
"Ivor","1934",87
"Jack","1934",52
"Jackson","1934",NA
"Jacob","1934",NA
"Jake","1934",NA
"James","1934",6
"Jamie","1934",NA
"Jason","1934",NA
"Jaxon","1934",NA
"Jay","1934",NA
"Jayden","1934",NA
"Jeffrey","1934",86
"Jenson","1934",NA
"Jeremy","1934",NA
"Jesse","1934",NA
"Joe","1934",NA
"Joel","1934",NA
"John","1934",1
"Jonathan","1934",NA
"Jordan","1934",NA
"Joseph","1934",23
"Josh","1934",NA
"Joshua","1934",NA
"Jude","1934",NA
"Julian","1934",NA
"Justin","1934",NA
"Kai","1934",NA
"Karl","1934",NA
"Keith","1934",36
"Kenneth","1934",9
"Kevin","1934",NA
"Kian","1934",NA
"Kieran","1934",NA
"Kyle","1934",NA
"Laurence","1934",NA
"Lawrence","1934",72
"Lee","1934",NA
"Leigh","1934",NA
"Leo","1934",NA
"Leon","1934",NA
"Leonard","1934",37
"Leslie","1934",31
"Lewis","1934",NA
"Liam","1934",NA
"Lionel","1934",NA
"Logan","1934",NA
"Louie","1934",NA
"Louis","1934",NA
"Luca","1934",NA
"Lucas","1934",NA
"Luke","1934",NA
"Malcolm","1934",46
"Marc","1934",NA
"Marcus","1934",NA
"Mark","1934",NA
"Martin","1934",80
"Martyn","1934",NA
"Mason","1934",NA
"Mathew","1934",NA
"Matthew","1934",NA
"Maurice","1934",43
"Max","1934",NA
"Melvyn","1934",NA
"Michael","1934",7
"Mitchell","1934",NA
"Mohamed","1934",NA
"Mohammad","1934",NA
"Mohammed","1934",68
"Morgan","1934",NA
"Morris","1934",NA
"Muhammad","1934",NA
"Nathan","1934",NA
"Neil","1934",95
"Neville","1934",83
"Nicholas","1934",NA
"Nigel","1934",NA
"Noah","1934",NA
"Noel","1934",96
"Norman","1934",30
"Oliver","1934",NA
"Ollie","1934",NA
"Oscar","1934",NA
"Owen","1934",NA
"Patrick","1934",32
"Paul","1934",63
"Percival","1934",NA
"Percy","1934",NA
"Peter","1934",2
"Philip","1934",56
"Phillip","1934",NA
"Ralph","1934",76
"Raymond","1934",15
"Reece","1934",NA
"Reggie","1934",NA
"Reginald","1934",41
"Reuben","1934",NA
"Rhys","1934",NA
"Richard","1934",28
"Ricky","1934",NA
"Riley","1934",NA
"Robert","1934",11
"Robin","1934",82
"Rodney","1934",99
"Roger","1934",67
"Roland","1934",NA
"Roman","1934",NA
"Ronald","1934",8
"Ronnie","1934",NA
"Rory","1934",NA
"Ross","1934",NA
"Roy","1934",17
"Royston","1934",93
"Russell","1934",NA
"Ryan","1934",NA
"Sam","1934",NA
"Samuel","1934",75
"Scott","1934",NA
"Sean","1934",NA
"Sebastian","1934",NA
"Seth","1934",NA
"Shane","1934",NA
"Shaun","1934",NA
"Sidney","1934",69
"Simon","1934",NA
"Sonny","1934",NA
"Stanley","1934",39
"Stephen","1934",84
"Steven","1934",NA
"Stewart","1934",NA
"Stuart","1934",NA
"Sydney","1934",90
"Taylor","1934",NA
"Teddy","1934",NA
"Terence","1934",22
"Terry","1934",NA
"Theo","1934",NA
"Theodore","1934",NA
"Thomas","1934",12
"Timothy","1934",NA
"Toby","1934",NA
"Tom","1934",NA
"Tommy","1934",NA
"Tony","1934",NA
"Trevor","1934",59
"Tyler","1934",NA
"Victor","1934",62
"Vincent","1934",85
"Walter","1934",54
"Wayne","1934",NA
"Wilfred","1934",89
"William","1934",3
"Zachary","1934",NA
"Zak","1934",NA
"Aaron","1944",NA
"Abdul","1944",NA
"Adam","1944",NA
"Adrian","1944",74
"Aidan","1944",NA
"Alan","1944",8
"Albert","1944",61
"Alec","1944",NA
"Alex","1944",NA
"Alexander","1944",66
"Alfie","1944",NA
"Alfred","1944",73
"Allan","1944",58
"Andrew","1944",45
"Anthony","1944",6
"Antony","1944",NA
"Archibald","1944",NA
"Archie","1944",NA
"Arnold","1944",NA
"Arthur","1944",47
"Ashley","1944",NA
"Austin","1944",NA
"Bailey","1944",NA
"Barrie","1944",70
"Barry","1944",20
"Basil","1944",NA
"Ben","1944",NA
"Benjamin","1944",NA
"Bernard","1944",37
"Bertie","1944",NA
"Bertram","1944",NA
"Billy","1944",NA
"Blake","1944",NA
"Bobby","1944",NA
"Bradley","1944",NA
"Brandon","1944",NA
"Brett","1944",NA
"Brian","1944",7
"Bruce","1944",92
"Bryan","1944",79
"Caleb","1944",NA
"Callum","1944",NA
"Cameron","1944",NA
"Carl","1944",NA
"Carter","1944",NA
"Cecil","1944",NA
"Charles","1944",38
"Charlie","1944",NA
"Christian","1944",NA
"Christopher","1944",16
"Clarence","1944",NA
"Claude","1944",NA
"Clifford","1944",68
"Clive","1944",50
"Colin","1944",15
"Connor","1944",NA
"Conor","1944",NA
"Corey","1944",NA
"Craig","1944",NA
"Cyril","1944",98
"Dale","1944",NA
"Damian","1944",NA
"Damien","1944",NA
"Daniel","1944",82
"Danny","1944",NA
"Darren","1944",NA
"David","1944",2
"Dean","1944",NA
"Declan","1944",NA
"Denis","1944",85
"Dennis","1944",34
"Derek","1944",27
"Derrick","1944",NA
"Desmond","1944",NA
"Dexter","1944",NA
"Dominic","1944",NA
"Donald","1944",53
"Douglas","1944",52
"Duncan","1944",NA
"Dylan","1944",NA
"Edgar","1944",NA
"Edmund","1944",NA
"Edward","1944",29
"Edwin","1944",89
"Elijah","1944",NA
"Elliot","1944",NA
"Elliott","1944",NA
"Ellis","1944",NA
"Eric","1944",39
"Ernest","1944",72
"Ethan","1944",NA
"Evan","1944",NA
"Ewan","1944",NA
"Felix","1944",NA
"Finlay","1944",NA
"Finley","1944",NA
"Francis","1944",54
"Frank","1944",46
"Frankie","1944",NA
"Fred","1944",NA
"Freddie","1944",NA
"Frederick","1944",42
"Gabriel","1944",NA
"Gareth","1944",NA
"Garry","1944",NA
"Gary","1944",95
"Gavin","1944",NA
"Geoffrey","1944",25
"George","1944",21
"Gerald","1944",49
"Gerard","1944",NA
"Gilbert","1944",NA
"Glen","1944",NA
"Glenn","1944",NA
"Gordon","1944",44
"Graeme","1944",NA
"Graham","1944",22
"Gregory","1944",NA
"Guy","1944",NA
"Harley","1944",NA
"Harold","1944",75
"Harrison","1944",NA
"Harry","1944",65
"Harvey","1944",NA
"Hector","1944",NA
"Henry","1944",63
"Herbert","1944",NA
"Horace","1944",NA
"Howard","1944",64
"Hubert","1944",NA
"Hugh","1944",84
"Hugo","1944",NA
"Iain","1944",NA
"Ian","1944",23
"Ibrahim","1944",NA
"Isaac","1944",NA
"Ivan","1944",91
"Ivor","1944",NA
"Jack","1944",81
"Jackson","1944",NA
"Jacob","1944",NA
"Jake","1944",NA
"James","1944",10
"Jamie","1944",NA
"Jason","1944",NA
"Jaxon","1944",NA
"Jay","1944",NA
"Jayden","1944",NA
"Jeffrey","1944",51
"Jenson","1944",NA
"Jeremy","1944",NA
"Jesse","1944",NA
"Joe","1944",NA
"Joel","1944",NA
"John","1944",1
"Jonathan","1944",NA
"Jordan","1944",NA
"Joseph","1944",36
"Josh","1944",NA
"Joshua","1944",NA
"Jude","1944",NA
"Julian","1944",NA
"Justin","1944",NA
"Kai","1944",NA
"Karl","1944",NA
"Keith","1944",14
"Kenneth","1944",12
"Kevin","1944",67
"Kian","1944",NA
"Kieran","1944",NA
"Kyle","1944",NA
"Laurence","1944",NA
"Lawrence","1944",83
"Lee","1944",NA
"Leigh","1944",NA
"Leo","1944",NA
"Leon","1944",NA
"Leonard","1944",59
"Leslie","1944",35
"Lewis","1944",NA
"Liam","1944",NA
"Lionel","1944",NA
"Logan","1944",NA
"Louie","1944",NA
"Louis","1944",NA
"Luca","1944",NA
"Lucas","1944",NA
"Luke","1944",NA
"Malcolm","1944",24
"Marc","1944",NA
"Marcus","1944",NA
"Mark","1944",NA
"Martin","1944",41
"Martyn","1944",NA
"Mason","1944",NA
"Mathew","1944",NA
"Matthew","1944",NA
"Maurice","1944",62
"Max","1944",NA
"Melvyn","1944",78
"Michael","1944",3
"Mitchell","1944",NA
"Mohamed","1944",NA
"Mohammad","1944",NA
"Mohammed","1944",87
"Morgan","1944",NA
"Morris","1944",NA
"Muhammad","1944",NA
"Nathan","1944",NA
"Neil","1944",80
"Neville","1944",NA
"Nicholas","1944",76
"Nigel","1944",69
"Noah","1944",NA
"Noel","1944",NA
"Norman","1944",43
"Oliver","1944",NA
"Ollie","1944",NA
"Oscar","1944",NA
"Owen","1944",NA
"Patrick","1944",31
"Paul","1944",28
"Percival","1944",NA
"Percy","1944",NA
"Peter","1944",4
"Philip","1944",32
"Phillip","1944",93
"Ralph","1944",90
"Raymond","1944",17
"Reece","1944",NA
"Reggie","1944",NA
"Reginald","1944",71
"Reuben","1944",NA
"Rhys","1944",NA
"Richard","1944",11
"Ricky","1944",NA
"Riley","1944",NA
"Robert","1944",5
"Robin","1944",57
"Rodney","1944",48
"Roger","1944",13
"Roland","1944",NA
"Roman","1944",NA
"Ronald","1944",26
"Ronnie","1944",NA
"Rory","1944",NA
"Ross","1944",NA
"Roy","1944",30
"Royston","1944",100
"Russell","1944",NA
"Ryan","1944",NA
"Sam","1944",NA
"Samuel","1944",97
"Scott","1944",NA
"Sean","1944",NA
"Sebastian","1944",NA
"Seth","1944",NA
"Shane","1944",NA
"Shaun","1944",NA
"Sidney","1944",99
"Simon","1944",NA
"Sonny","1944",NA
"Stanley","1944",60
"Stephen","1944",40
"Steven","1944",NA
"Stewart","1944",NA
"Stuart","1944",55
"Sydney","1944",NA
"Taylor","1944",NA
"Teddy","1944",NA
"Terence","1944",18
"Terry","1944",88
"Theo","1944",NA
"Theodore","1944",NA
"Thomas","1944",19
"Timothy","1944",77
"Toby","1944",NA
"Tom","1944",NA
"Tommy","1944",NA
"Tony","1944",96
"Trevor","1944",33
"Tyler","1944",NA
"Victor","1944",56
"Vincent","1944",94
"Walter","1944",86
"Wayne","1944",NA
"Wilfred","1944",NA
"William","1944",9
"Zachary","1944",NA
"Zak","1944",NA
"Aaron","1954",NA
"Abdul","1954",74
"Adam","1954",NA
"Adrian","1954",54
"Aidan","1954",NA
"Alan","1954",8
"Albert","1954",93
"Alec","1954",NA
"Alex","1954",NA
"Alexander","1954",71
"Alfie","1954",NA
"Alfred","1954",NA
"Allan","1954",58
"Andrew","1954",12
"Anthony","1954",11
"Antony","1954",99
"Archibald","1954",NA
"Archie","1954",NA
"Arnold","1954",NA
"Arthur","1954",72
"Ashley","1954",NA
"Austin","1954",NA
"Bailey","1954",NA
"Barrie","1954",NA
"Barry","1954",33
"Basil","1954",NA
"Ben","1954",NA
"Benjamin","1954",NA
"Bernard","1954",63
"Bertie","1954",NA
"Bertram","1954",NA
"Billy","1954",NA
"Blake","1954",NA
"Bobby","1954",NA
"Bradley","1954",NA
"Brandon","1954",NA
"Brett","1954",NA
"Brian","1954",17
"Bruce","1954",NA
"Bryan","1954",80
"Caleb","1954",NA
"Callum","1954",NA
"Cameron","1954",NA
"Carl","1954",NA
"Carter","1954",NA
"Cecil","1954",NA
"Charles","1954",38
"Charlie","1954",NA
"Christian","1954",NA
"Christopher","1954",9
"Clarence","1954",NA
"Claude","1954",NA
"Clifford","1954",81
"Clive","1954",44
"Colin","1954",22
"Connor","1954",NA
"Conor","1954",NA
"Corey","1954",NA
"Craig","1954",NA
"Cyril","1954",NA
"Dale","1954",NA
"Damian","1954",NA
"Damien","1954",NA
"Daniel","1954",73
"Danny","1954",NA
"Darren","1954",NA
"David","1954",1
"Dean","1954",NA
"Declan","1954",NA
"Denis","1954",97
"Dennis","1954",55
"Derek","1954",37
"Derrick","1954",NA
"Desmond","1954",NA
"Dexter","1954",NA
"Dominic","1954",NA
"Donald","1954",64
"Douglas","1954",69
"Duncan","1954",NA
"Dylan","1954",NA
"Edgar","1954",NA
"Edmund","1954",NA
"Edward","1954",45
"Edwin","1954",NA
"Elijah","1954",NA
"Elliot","1954",NA
"Elliott","1954",NA
"Ellis","1954",NA
"Eric","1954",62
"Ernest","1954",NA
"Ethan","1954",NA
"Evan","1954",NA
"Ewan","1954",NA
"Felix","1954",NA
"Finlay","1954",NA
"Finley","1954",NA
"Francis","1954",61
"Frank","1954",65
"Frankie","1954",NA
"Fred","1954",NA
"Freddie","1954",NA
"Frederick","1954",67
"Gabriel","1954",NA
"Gareth","1954",85
"Garry","1954",82
"Gary","1954",34
"Gavin","1954",NA
"Geoffrey","1954",28
"George","1954",35
"Gerald","1954",60
"Gerard","1954",78
"Gilbert","1954",NA
"Glen","1954",NA
"Glenn","1954",98
"Gordon","1954",51
"Graeme","1954",NA
"Graham","1954",19
"Gregory","1954",94
"Guy","1954",NA
"Harley","1954",NA
"Harold","1954",NA
"Harrison","1954",NA
"Harry","1954",100
"Harvey","1954",NA
"Hector","1954",NA
"Henry","1954",83
"Herbert","1954",NA
"Horace","1954",NA
"Howard","1954",68
"Hubert","1954",NA
"Hugh","1954",89
"Hugo","1954",NA
"Iain","1954",NA
"Ian","1954",13
"Ibrahim","1954",NA
"Isaac","1954",NA
"Ivan","1954",NA
"Ivor","1954",NA
"Jack","1954",NA
"Jackson","1954",NA
"Jacob","1954",NA
"Jake","1954",NA
"James","1954",14
"Jamie","1954",NA
"Jason","1954",NA
"Jaxon","1954",NA
"Jay","1954",NA
"Jayden","1954",NA
"Jeffrey","1954",48
"Jenson","1954",NA
"Jeremy","1954",70
"Jesse","1954",NA
"Joe","1954",NA
"Joel","1954",NA
"John","1954",2
"Jonathan","1954",52
"Jordan","1954",NA
"Joseph","1954",47
"Josh","1954",NA
"Joshua","1954",NA
"Jude","1954",NA
"Julian","1954",96
"Justin","1954",NA
"Kai","1954",NA
"Karl","1954",NA
"Keith","1954",18
"Kenneth","1954",25
"Kevin","1954",20
"Kian","1954",NA
"Kieran","1954",NA
"Kyle","1954",NA
"Laurence","1954",NA
"Lawrence","1954",77
"Lee","1954",NA
"Leigh","1954",NA
"Leo","1954",NA
"Leon","1954",NA
"Leonard","1954",76
"Leslie","1954",42
"Lewis","1954",NA
"Liam","1954",NA
"Lionel","1954",NA
"Logan","1954",NA
"Louie","1954",NA
"Louis","1954",NA
"Luca","1954",NA
"Lucas","1954",NA
"Luke","1954",NA
"Malcolm","1954",31
"Marc","1954",NA
"Marcus","1954",NA
"Mark","1954",32
"Martin","1954",21
"Martyn","1954",75
"Mason","1954",NA
"Mathew","1954",NA
"Matthew","1954",NA
"Maurice","1954",95
"Max","1954",NA
"Melvyn","1954",NA
"Michael","1954",4
"Mitchell","1954",NA
"Mohamed","1954",90
"Mohammad","1954",84
"Mohammed","1954",56
"Morgan","1954",NA
"Morris","1954",NA
"Muhammad","1954",NA
"Nathan","1954",NA
"Neil","1954",46
"Neville","1954",NA
"Nicholas","1954",36
"Nigel","1954",27
"Noah","1954",NA
"Noel","1954",NA
"Norman","1954",66
"Oliver","1954",NA
"Ollie","1954",NA
"Oscar","1954",NA
"Owen","1954",NA
"Patrick","1954",39
"Paul","1954",7
"Percival","1954",NA
"Percy","1954",NA
"Peter","1954",5
"Philip","1954",16
"Phillip","1954",57
"Ralph","1954",NA
"Raymond","1954",26
"Reece","1954",NA
"Reggie","1954",NA
"Reginald","1954",NA
"Reuben","1954",NA
"Rhys","1954",NA
"Richard","1954",10
"Ricky","1954",NA
"Riley","1954",NA
"Robert","1954",6
"Robin","1954",59
"Rodney","1954",NA
"Roger","1954",41
"Roland","1954",NA
"Roman","1954",NA
"Ronald","1954",43
"Ronnie","1954",NA
"Rory","1954",NA
"Ross","1954",NA
"Roy","1954",50
"Royston","1954",NA
"Russell","1954",NA
"Ryan","1954",NA
"Sam","1954",NA
"Samuel","1954",NA
"Scott","1954",NA
"Sean","1954",NA
"Sebastian","1954",NA
"Seth","1954",NA
"Shane","1954",NA
"Shaun","1954",NA
"Sidney","1954",NA
"Simon","1954",53
"Sonny","1954",NA
"Stanley","1954",86
"Stephen","1954",3
"Steven","1954",23
"Stewart","1954",91
"Stuart","1954",49
"Sydney","1954",NA
"Taylor","1954",NA
"Teddy","1954",NA
"Terence","1954",29
"Terry","1954",92
"Theo","1954",NA
"Theodore","1954",NA
"Thomas","1954",24
"Timothy","1954",40
"Toby","1954",NA
"Tom","1954",NA
"Tommy","1954",NA
"Tony","1954",79
"Trevor","1954",30
"Tyler","1954",NA
"Victor","1954",88
"Vincent","1954",87
"Walter","1954",NA
"Wayne","1954",NA
"Wilfred","1954",NA
"William","1954",15
"Zachary","1954",NA
"Zak","1954",NA
"Aaron","1964",NA
"Abdul","1964",NA
"Adam","1964",68
"Adrian","1964",30
"Aidan","1964",NA
"Alan","1964",21
"Albert","1964",NA
"Alec","1964",NA
"Alex","1964",NA
"Alexander","1964",77
"Alfie","1964",NA
"Alfred","1964",NA
"Allan","1964",89
"Andrew","1964",3
"Anthony","1964",14
"Antony","1964",46
"Archibald","1964",NA
"Archie","1964",NA
"Arnold","1964",NA
"Arthur","1964",NA
"Ashley","1964",NA
"Austin","1964",NA
"Bailey","1964",NA
"Barrie","1964",NA
"Barry","1964",42
"Basil","1964",NA
"Ben","1964",NA
"Benjamin","1964",NA
"Bernard","1964",NA
"Bertie","1964",NA
"Bertram","1964",NA
"Billy","1964",NA
"Blake","1964",NA
"Bobby","1964",NA
"Bradley","1964",NA
"Brandon","1964",NA
"Brett","1964",NA
"Brian","1964",31
"Bruce","1964",98
"Bryan","1964",NA
"Caleb","1964",NA
"Callum","1964",NA
"Cameron","1964",NA
"Carl","1964",37
"Carter","1964",NA
"Cecil","1964",NA
"Charles","1964",56
"Charlie","1964",NA
"Christian","1964",NA
"Christopher","1964",11
"Clarence","1964",NA
"Claude","1964",NA
"Clifford","1964",NA
"Clive","1964",58
"Colin","1964",25
"Connor","1964",NA
"Conor","1964",NA
"Corey","1964",NA
"Craig","1964",60
"Cyril","1964",NA
"Dale","1964",NA
"Damian","1964",NA
"Damien","1964",NA
"Daniel","1964",53
"Danny","1964",NA
"Darren","1964",66
"David","1964",1
"Dean","1964",44
"Declan","1964",NA
"Denis","1964",NA
"Dennis","1964",96
"Derek","1964",43
"Derrick","1964",NA
"Desmond","1964",NA
"Dexter","1964",NA
"Dominic","1964",100
"Donald","1964",99
"Douglas","1964",81
"Duncan","1964",75
"Dylan","1964",NA
"Edgar","1964",NA
"Edmund","1964",NA
"Edward","1964",49
"Edwin","1964",NA
"Elijah","1964",NA
"Elliot","1964",NA
"Elliott","1964",NA
"Ellis","1964",NA
"Eric","1964",88
"Ernest","1964",NA
"Ethan","1964",NA
"Evan","1964",NA
"Ewan","1964",NA
"Felix","1964",NA
"Finlay","1964",NA
"Finley","1964",NA
"Francis","1964",82
"Frank","1964",NA
"Frankie","1964",NA
"Fred","1964",NA
"Freddie","1964",NA
"Frederick","1964",NA
"Gabriel","1964",NA
"Gareth","1964",79
"Garry","1964",70
"Gary","1964",16
"Gavin","1964",97
"Geoffrey","1964",63
"George","1964",54
"Gerald","1964",91
"Gerard","1964",90
"Gilbert","1964",NA
"Glen","1964",NA
"Glenn","1964",95
"Gordon","1964",74
"Graeme","1964",84
"Graham","1964",26
"Gregory","1964",78
"Guy","1964",85
"Harley","1964",NA
"Harold","1964",NA
"Harrison","1964",NA
"Harry","1964",NA
"Harvey","1964",NA
"Hector","1964",NA
"Henry","1964",NA
"Herbert","1964",NA
"Horace","1964",NA
"Howard","1964",92
"Hubert","1964",NA
"Hugh","1964",NA
"Hugo","1964",NA
"Iain","1964",94
"Ian","1964",8
"Ibrahim","1964",NA
"Isaac","1964",NA
"Ivan","1964",NA
"Ivor","1964",NA
"Jack","1964",NA
"Jackson","1964",NA
"Jacob","1964",NA
"Jake","1964",NA
"James","1964",19
"Jamie","1964",NA
"Jason","1964",93
"Jaxon","1964",NA
"Jay","1964",NA
"Jayden","1964",NA
"Jeffrey","1964",57
"Jenson","1964",NA
"Jeremy","1964",47
"Jesse","1964",NA
"Joe","1964",NA
"Joel","1964",NA
"John","1964",5
"Jonathan","1964",27
"Jordan","1964",NA
"Joseph","1964",48
"Josh","1964",NA
"Joshua","1964",NA
"Jude","1964",NA
"Julian","1964",62
"Justin","1964",NA
"Kai","1964",NA
"Karl","1964",64
"Keith","1964",33
"Kenneth","1964",41
"Kevin","1964",15
"Kian","1964",NA
"Kieran","1964",NA
"Kyle","1964",NA
"Laurence","1964",NA
"Lawrence","1964",NA
"Lee","1964",50
"Leigh","1964",NA
"Leo","1964",NA
"Leon","1964",NA
"Leonard","1964",NA
"Leslie","1964",76
"Lewis","1964",NA
"Liam","1964",NA
"Lionel","1964",NA
"Logan","1964",NA
"Louie","1964",NA
"Louis","1964",NA
"Luca","1964",NA
"Lucas","1964",NA
"Luke","1964",NA
"Malcolm","1964",65
"Marc","1964",NA
"Marcus","1964",NA
"Mark","1964",4
"Martin","1964",18
"Martyn","1964",87
"Mason","1964",NA
"Mathew","1964",NA
"Matthew","1964",52
"Maurice","1964",NA
"Max","1964",NA
"Melvyn","1964",NA
"Michael","1964",6
"Mitchell","1964",NA
"Mohamed","1964",NA
"Mohammad","1964",NA
"Mohammed","1964",73
"Morgan","1964",NA
"Morris","1964",NA
"Muhammad","1964",NA
"Nathan","1964",NA
"Neil","1964",22
"Neville","1964",NA
"Nicholas","1964",28
"Nigel","1964",23
"Noah","1964",NA
"Noel","1964",NA
"Norman","1964",NA
"Oliver","1964",NA
"Ollie","1964",NA
"Oscar","1964",NA
"Owen","1964",NA
"Patrick","1964",35
"Paul","1964",2
"Percival","1964",NA
"Percy","1964",NA
"Peter","1964",12
"Philip","1964",20
"Phillip","1964",59
"Ralph","1964",NA
"Raymond","1964",45
"Reece","1964",NA
"Reggie","1964",NA
"Reginald","1964",NA
"Reuben","1964",NA
"Rhys","1964",NA
"Richard","1964",10
"Ricky","1964",NA
"Riley","1964",NA
"Robert","1964",9
"Robin","1964",69
"Rodney","1964",NA
"Roger","1964",61
"Roland","1964",NA
"Roman","1964",NA
"Ronald","1964",80
"Ronnie","1964",NA
"Rory","1964",NA
"Ross","1964",NA
"Roy","1964",71
"Royston","1964",NA
"Russell","1964",55
"Ryan","1964",NA
"Sam","1964",NA
"Samuel","1964",NA
"Scott","1964",NA
"Sean","1964",36
"Sebastian","1964",NA
"Seth","1964",NA
"Shane","1964",NA
"Shaun","1964",40
"Sidney","1964",NA
"Simon","1964",13
"Sonny","1964",NA
"Stanley","1964",NA
"Stephen","1964",7
"Steven","1964",17
"Stewart","1964",83
"Stuart","1964",32
"Sydney","1964",NA
"Taylor","1964",NA
"Teddy","1964",NA
"Terence","1964",51
"Terry","1964",86
"Theo","1964",NA
"Theodore","1964",NA
"Thomas","1964",34
"Timothy","1964",24
"Toby","1964",NA
"Tom","1964",NA
"Tommy","1964",NA
"Tony","1964",67
"Trevor","1964",38
"Tyler","1964",NA
"Victor","1964",NA
"Vincent","1964",72
"Walter","1964",NA
"Wayne","1964",39
"Wilfred","1964",NA
"William","1964",29
"Zachary","1964",NA
"Zak","1964",NA
"Aaron","1974",NA
"Abdul","1974",86
"Adam","1974",35
"Adrian","1974",38
"Aidan","1974",NA
"Alan","1974",36
"Albert","1974",NA
"Alec","1974",NA
"Alex","1974",NA
"Alexander","1974",43
"Alfie","1974",NA
"Alfred","1974",NA
"Allan","1974",NA
"Andrew","1974",4
"Anthony","1974",25
"Antony","1974",74
"Archibald","1974",NA
"Archie","1974",NA
"Arnold","1974",NA
"Arthur","1974",NA
"Ashley","1974",NA
"Austin","1974",NA
"Bailey","1974",NA
"Barrie","1974",NA
"Barry","1974",48
"Basil","1974",NA
"Ben","1974",NA
"Benjamin","1974",34
"Bernard","1974",NA
"Bertie","1974",NA
"Bertram","1974",NA
"Billy","1974",NA
"Blake","1974",NA
"Bobby","1974",NA
"Bradley","1974",NA
"Brandon","1974",NA
"Brett","1974",92
"Brian","1974",51
"Bruce","1974",NA
"Bryan","1974",NA
"Caleb","1974",NA
"Callum","1974",NA
"Cameron","1974",NA
"Carl","1974",39
"Carter","1974",NA
"Cecil","1974",NA
"Charles","1974",70
"Charlie","1974",NA
"Christian","1974",49
"Christopher","1974",6
"Clarence","1974",NA
"Claude","1974",NA
"Clifford","1974",NA
"Clive","1974",NA
"Colin","1974",44
"Connor","1974",NA
"Conor","1974",NA
"Corey","1974",NA
"Craig","1974",28
"Cyril","1974",NA
"Dale","1974",NA
"Damian","1974",64
"Damien","1974",NA
"Daniel","1974",16
"Danny","1974",NA
"Darren","1974",15
"David","1974",3
"Dean","1974",37
"Declan","1974",NA
"Denis","1974",NA
"Dennis","1974",NA
"Derek","1974",100
"Derrick","1974",NA
"Desmond","1974",NA
"Dexter","1974",NA
"Dominic","1974",69
"Donald","1974",NA
"Douglas","1974",NA
"Duncan","1974",66
"Dylan","1974",NA
"Edgar","1974",NA
"Edmund","1974",NA
"Edward","1974",52
"Edwin","1974",NA
"Elijah","1974",NA
"Elliot","1974",NA
"Elliott","1974",NA
"Ellis","1974",NA
"Eric","1974",NA
"Ernest","1974",NA
"Ethan","1974",NA
"Evan","1974",NA
"Ewan","1974",NA
"Felix","1974",NA
"Finlay","1974",NA
"Finley","1974",NA
"Francis","1974",NA
"Frank","1974",NA
"Frankie","1974",NA
"Fred","1974",NA
"Freddie","1974",NA
"Frederick","1974",NA
"Gabriel","1974",NA
"Gareth","1974",46
"Garry","1974",90
"Gary","1974",30
"Gavin","1974",72
"Geoffrey","1974",NA
"George","1974",83
"Gerald","1974",NA
"Gerard","1974",NA
"Gilbert","1974",NA
"Glen","1974",77
"Glenn","1974",97
"Gordon","1974",NA
"Graeme","1974",NA
"Graham","1974",42
"Gregory","1974",81
"Guy","1974",NA
"Harley","1974",NA
"Harold","1974",NA
"Harrison","1974",NA
"Harry","1974",NA
"Harvey","1974",NA
"Hector","1974",NA
"Henry","1974",NA
"Herbert","1974",NA
"Horace","1974",NA
"Howard","1974",NA
"Hubert","1974",NA
"Hugh","1974",NA
"Hugo","1974",NA
"Iain","1974",78
"Ian","1974",21
"Ibrahim","1974",NA
"Isaac","1974",NA
"Ivan","1974",NA
"Ivor","1974",NA
"Jack","1974",NA
"Jackson","1974",NA
"Jacob","1974",NA
"Jake","1974",NA
"James","1974",7
"Jamie","1974",45
"Jason","1974",18
"Jaxon","1974",NA
"Jay","1974",NA
"Jayden","1974",NA
"Jeffrey","1974",NA
"Jenson","1974",NA
"Jeremy","1974",62
"Jesse","1974",NA
"Joe","1974",NA
"Joel","1974",NA
"John","1974",13
"Jonathan","1974",20
"Jordan","1974",NA
"Joseph","1974",59
"Josh","1974",NA
"Joshua","1974",NA
"Jude","1974",NA
"Julian","1974",68
"Justin","1974",47
"Kai","1974",NA
"Karl","1974",50
"Keith","1974",53
"Kenneth","1974",94
"Kevin","1974",27
"Kian","1974",NA
"Kieran","1974",NA
"Kyle","1974",NA
"Laurence","1974",NA
"Lawrence","1974",NA
"Lee","1974",12
"Leigh","1974",98
"Leo","1974",NA
"Leon","1974",91
"Leonard","1974",NA
"Leslie","1974",NA
"Lewis","1974",NA
"Liam","1974",NA
"Lionel","1974",NA
"Logan","1974",NA
"Louie","1974",NA
"Louis","1974",NA
"Luca","1974",NA
"Lucas","1974",NA
"Luke","1974",95
"Malcolm","1974",89
"Marc","1974",54
"Marcus","1974",71
"Mark","1974",2
"Martin","1974",26
"Martyn","1974",80
"Mason","1974",NA
"Mathew","1974",87
"Matthew","1974",10
"Maurice","1974",NA
"Max","1974",NA
"Melvyn","1974",NA
"Michael","1974",9
"Mitchell","1974",NA
"Mohamed","1974",NA
"Mohammad","1974",NA
"Mohammed","1974",61
"Morgan","1974",NA
"Morris","1974",NA
"Muhammad","1974",NA
"Nathan","1974",58
"Neil","1974",22
"Neville","1974",NA
"Nicholas","1974",19
"Nigel","1974",55
"Noah","1974",NA
"Noel","1974",NA
"Norman","1974",NA
"Oliver","1974",84
"Ollie","1974",NA
"Oscar","1974",NA
"Owen","1974",NA
"Patrick","1974",67
"Paul","1974",1
"Percival","1974",NA
"Percy","1974",NA
"Peter","1974",23
"Philip","1974",29
"Phillip","1974",63
"Ralph","1974",NA
"Raymond","1974",85
"Reece","1974",NA
"Reggie","1974",NA
"Reginald","1974",NA
"Reuben","1974",NA
"Rhys","1974",NA
"Richard","1974",5
"Ricky","1974",NA
"Riley","1974",NA
"Robert","1974",14
"Robin","1974",75
"Rodney","1974",NA
"Roger","1974",96
"Roland","1974",NA
"Roman","1974",NA
"Ronald","1974",NA
"Ronnie","1974",NA
"Rory","1974",NA
"Ross","1974",NA
"Roy","1974",NA
"Royston","1974",NA
"Russell","1974",60
"Ryan","1974",79
"Sam","1974",NA
"Samuel","1974",82
"Scott","1974",31
"Sean","1974",56
"Sebastian","1974",NA
"Seth","1974",NA
"Shane","1974",65
"Shaun","1974",57
"Sidney","1974",NA
"Simon","1974",8
"Sonny","1974",NA
"Stanley","1974",NA
"Stephen","1974",11
"Steven","1974",17
"Stewart","1974",88
"Stuart","1974",24
"Sydney","1974",NA
"Taylor","1974",NA
"Teddy","1974",NA
"Terence","1974",99
"Terry","1974",93
"Theo","1974",NA
"Theodore","1974",NA
"Thomas","1974",40
"Timothy","1974",33
"Toby","1974",NA
"Tom","1974",NA
"Tommy","1974",NA
"Tony","1974",73
"Trevor","1974",76
"Tyler","1974",NA
"Victor","1974",NA
"Vincent","1974",NA
"Walter","1974",NA
"Wayne","1974",32
"Wilfred","1974",NA
"William","1974",41
"Zachary","1974",NA
"Zak","1974",NA
"Aaron","1984",53
"Abdul","1984",96
"Adam","1984",12
"Adrian","1984",63
"Aidan","1984",NA
"Alan","1984",58
"Albert","1984",NA
"Alec","1984",NA
"Alex","1984",79
"Alexander","1984",25
"Alfie","1984",NA
"Alfred","1984",NA
"Allan","1984",NA
"Andrew","1984",7
"Anthony","1984",24
"Antony","1984",89
"Archibald","1984",NA
"Archie","1984",NA
"Arnold","1984",NA
"Arthur","1984",NA
"Ashley","1984",49
"Austin","1984",NA
"Bailey","1984",NA
"Barrie","1984",NA
"Barry","1984",81
"Basil","1984",NA
"Ben","1984",45
"Benjamin","1984",16
"Bernard","1984",NA
"Bertie","1984",NA
"Bertram","1984",NA
"Billy","1984",NA
"Blake","1984",NA
"Bobby","1984",NA
"Bradley","1984",92
"Brandon","1984",NA
"Brett","1984",NA
"Brian","1984",87
"Bruce","1984",NA
"Bryan","1984",NA
"Caleb","1984",NA
"Callum","1984",NA
"Cameron","1984",NA
"Carl","1984",44
"Carter","1984",NA
"Cecil","1984",NA
"Charles","1984",69
"Charlie","1984",NA
"Christian","1984",NA
"Christopher","1984",1
"Clarence","1984",NA
"Claude","1984",NA
"Clifford","1984",NA
"Clive","1984",NA
"Colin","1984",67
"Connor","1984",NA
"Conor","1984",NA
"Corey","1984",NA
"Craig","1984",19
"Cyril","1984",NA
"Dale","1984",76
"Damian","1984",NA
"Damien","1984",97
"Daniel","1984",4
"Danny","1984",86
"Darren","1984",33
"David","1984",3
"Dean","1984",39
"Declan","1984",NA
"Denis","1984",NA
"Dennis","1984",NA
"Derek","1984",NA
"Derrick","1984",NA
"Desmond","1984",NA
"Dexter","1984",NA
"Dominic","1984",80
"Donald","1984",NA
"Douglas","1984",NA
"Duncan","1984",NA
"Dylan","1984",NA
"Edgar","1984",NA
"Edmund","1984",NA
"Edward","1984",51
"Edwin","1984",NA
"Elijah","1984",NA
"Elliot","1984",NA
"Elliott","1984",NA
"Ellis","1984",NA
"Eric","1984",NA
"Ernest","1984",NA
"Ethan","1984",NA
"Evan","1984",NA
"Ewan","1984",NA
"Felix","1984",NA
"Finlay","1984",NA
"Finley","1984",NA
"Francis","1984",NA
"Frank","1984",NA
"Frankie","1984",NA
"Fred","1984",NA
"Freddie","1984",NA
"Frederick","1984",NA
"Gabriel","1984",NA
"Gareth","1984",35
"Garry","1984",NA
"Gary","1984",26
"Gavin","1984",55
"Geoffrey","1984",NA
"George","1984",71
"Gerald","1984",NA
"Gerard","1984",NA
"Gilbert","1984",NA
"Glen","1984",NA
"Glenn","1984",NA
"Gordon","1984",NA
"Graeme","1984",NA
"Graham","1984",59
"Gregory","1984",85
"Guy","1984",NA
"Harley","1984",NA
"Harold","1984",NA
"Harrison","1984",NA
"Harry","1984",NA
"Harvey","1984",NA
"Hector","1984",NA
"Henry","1984",NA
"Herbert","1984",NA
"Horace","1984",NA
"Howard","1984",NA
"Hubert","1984",NA
"Hugh","1984",NA
"Hugo","1984",NA
"Iain","1984",100
"Ian","1984",27
"Ibrahim","1984",NA
"Isaac","1984",NA
"Ivan","1984",NA
"Ivor","1984",NA
"Jack","1984",74
"Jackson","1984",NA
"Jacob","1984",NA
"Jake","1984",NA
"James","1984",2
"Jamie","1984",30
"Jason","1984",41
"Jaxon","1984",NA
"Jay","1984",NA
"Jayden","1984",NA
"Jeffrey","1984",NA
"Jenson","1984",NA
"Jeremy","1984",NA
"Jesse","1984",NA
"Joe","1984",NA
"Joel","1984",NA
"John","1984",14
"Jonathan","1984",18
"Jordan","1984",93
"Joseph","1984",40
"Josh","1984",NA
"Joshua","1984",78
"Jude","1984",NA
"Julian","1984",NA
"Justin","1984",91
"Kai","1984",NA
"Karl","1984",61
"Keith","1984",88
"Kenneth","1984",NA
"Kevin","1984",37
"Kian","1984",NA
"Kieran","1984",90
"Kyle","1984",NA
"Laurence","1984",NA
"Lawrence","1984",NA
"Lee","1984",15
"Leigh","1984",95
"Leo","1984",NA
"Leon","1984",82
"Leonard","1984",NA
"Leslie","1984",NA
"Lewis","1984",66
"Liam","1984",56
"Lionel","1984",NA
"Logan","1984",NA
"Louie","1984",NA
"Louis","1984",NA
"Luca","1984",NA
"Lucas","1984",NA
"Luke","1984",29
"Malcolm","1984",NA
"Marc","1984",62
"Marcus","1984",NA
"Mark","1984",10
"Martin","1984",36
"Martyn","1984",94
"Mason","1984",NA
"Mathew","1984",73
"Matthew","1984",6
"Maurice","1984",NA
"Max","1984",NA
"Melvyn","1984",NA
"Michael","1984",5
"Mitchell","1984",NA
"Mohamed","1984",NA
"Mohammad","1984",83
"Mohammed","1984",54
"Morgan","1984",NA
"Morris","1984",NA
"Muhammad","1984",NA
"Nathan","1984",57
"Neil","1984",42
"Neville","1984",NA
"Nicholas","1984",22
"Nigel","1984",NA
"Noah","1984",NA
"Noel","1984",NA
"Norman","1984",NA
"Oliver","1984",48
"Ollie","1984",NA
"Oscar","1984",NA
"Owen","1984",NA
"Patrick","1984",65
"Paul","1984",9
"Percival","1984",NA
"Percy","1984",NA
"Peter","1984",23
"Philip","1984",32
"Phillip","1984",64
"Ralph","1984",NA
"Raymond","1984",NA
"Reece","1984",NA
"Reggie","1984",NA
"Reginald","1984",NA
"Reuben","1984",NA
"Rhys","1984",NA
"Richard","1984",8
"Ricky","1984",75
"Riley","1984",NA
"Robert","1984",13
"Robin","1984",99
"Rodney","1984",NA
"Roger","1984",NA
"Roland","1984",NA
"Roman","1984",NA
"Ronald","1984",NA
"Ronnie","1984",NA
"Rory","1984",NA
"Ross","1984",60
"Roy","1984",NA
"Royston","1984",NA
"Russell","1984",68
"Ryan","1984",28
"Sam","1984",72
"Samuel","1984",43
"Scott","1984",38
"Sean","1984",46
"Sebastian","1984",NA
"Seth","1984",NA
"Shane","1984",70
"Shaun","1984",52
"Sidney","1984",NA
"Simon","1984",21
"Sonny","1984",NA
"Stanley","1984",NA
"Stephen","1984",20
"Steven","1984",17
"Stewart","1984",98
"Stuart","1984",31
"Sydney","1984",NA
"Taylor","1984",NA
"Teddy","1984",NA
"Terence","1984",NA
"Terry","1984",84
"Theo","1984",NA
"Theodore","1984",NA
"Thomas","1984",11
"Timothy","1984",47
"Toby","1984",NA
"Tom","1984",NA
"Tommy","1984",NA
"Tony","1984",77
"Trevor","1984",NA
"Tyler","1984",NA
"Victor","1984",NA
"Vincent","1984",NA
"Walter","1984",NA
"Wayne","1984",50
"Wilfred","1984",NA
"William","1984",34
"Zachary","1984",NA
"Zak","1984",NA
"Aaron","1994",32
"Abdul","1994",NA
"Adam","1994",11
"Adrian","1994",NA
"Aidan","1994",NA
"Alan","1994",NA
"Albert","1994",NA
"Alec","1994",NA
"Alex","1994",50
"Alexander","1994",13
"Alfie","1994",NA
"Alfred","1994",NA
"Allan","1994",NA
"Andrew","1994",20
"Anthony","1994",58
"Antony","1994",NA
"Archibald","1994",NA
"Archie","1994",NA
"Arnold","1994",NA
"Arthur","1994",NA
"Ashley","1994",33
"Austin","1994",NA
"Bailey","1994",NA
"Barrie","1994",NA
"Barry","1994",NA
"Basil","1994",NA
"Ben","1994",40
"Benjamin","1994",15
"Bernard","1994",NA
"Bertie","1994",NA
"Bertram","1994",NA
"Billy","1994",78
"Blake","1994",NA
"Bobby","1994",NA
"Bradley","1994",34
"Brandon","1994",86
"Brett","1994",NA
"Brian","1994",NA
"Bruce","1994",NA
"Bryan","1994",NA
"Caleb","1994",NA
"Callum","1994",31
"Cameron","1994",65
"Carl","1994",84
"Carter","1994",NA
"Cecil","1994",NA
"Charles","1994",44
"Charlie","1994",59
"Christian","1994",92
"Christopher","1994",14
"Clarence","1994",NA
"Claude","1994",NA
"Clifford","1994",NA
"Clive","1994",NA
"Colin","1994",NA
"Connor","1994",28
"Conor","1994",68
"Corey","1994",NA
"Craig","1994",61
"Cyril","1994",NA
"Dale","1994",63
"Damian","1994",NA
"Damien","1994",NA
"Daniel","1994",4
"Danny","1994",91
"Darren","1994",100
"David","1994",24
"Dean","1994",67
"Declan","1994",94
"Denis","1994",NA
"Dennis","1994",NA
"Derek","1994",NA
"Derrick","1994",NA
"Desmond","1994",NA
"Dexter","1994",NA
"Dominic","1994",52
"Donald","1994",NA
"Douglas","1994",NA
"Duncan","1994",NA
"Dylan","1994",83
"Edgar","1994",NA
"Edmund","1994",NA
"Edward","1994",47
"Edwin","1994",NA
"Elijah","1994",NA
"Elliot","1994",70
"Elliott","1994",85
"Ellis","1994",NA
"Eric","1994",NA
"Ernest","1994",NA
"Ethan","1994",NA
"Evan","1994",NA
"Ewan","1994",NA
"Felix","1994",NA
"Finlay","1994",NA
"Finley","1994",NA
"Francis","1994",NA
"Frank","1994",NA
"Frankie","1994",NA
"Fred","1994",NA
"Freddie","1994",NA
"Frederick","1994",NA
"Gabriel","1994",NA
"Gareth","1994",90
"Garry","1994",NA
"Gary","1994",NA
"Gavin","1994",NA
"Geoffrey","1994",NA
"George","1994",21
"Gerald","1994",NA
"Gerard","1994",NA
"Gilbert","1994",NA
"Glen","1994",NA
"Glenn","1994",NA
"Gordon","1994",NA
"Graeme","1994",NA
"Graham","1994",NA
"Gregory","1994",NA
"Guy","1994",NA
"Harley","1994",NA
"Harold","1994",NA
"Harrison","1994",NA
"Harry","1994",30
"Harvey","1994",NA
"Hector","1994",NA
"Henry","1994",74
"Herbert","1994",NA
"Horace","1994",NA
"Howard","1994",NA
"Hubert","1994",NA
"Hugh","1994",NA
"Hugo","1994",NA
"Iain","1994",NA
"Ian","1994",NA
"Ibrahim","1994",NA
"Isaac","1994",NA
"Ivan","1994",NA
"Ivor","1994",NA
"Jack","1994",3
"Jackson","1994",NA
"Jacob","1994",35
"Jake","1994",18
"James","1994",2
"Jamie","1994",26
"Jason","1994",62
"Jaxon","1994",NA
"Jay","1994",98
"Jayden","1994",NA
"Jeffrey","1994",NA
"Jenson","1994",NA
"Jeremy","1994",NA
"Jesse","1994",NA
"Joe","1994",53
"Joel","1994",80
"John","1994",39
"Jonathan","1994",29
"Jordan","1994",10
"Joseph","1994",16
"Josh","1994",81
"Joshua","1994",7
"Jude","1994",NA
"Julian","1994",NA
"Justin","1994",NA
"Kai","1994",NA
"Karl","1994",95
"Keith","1994",NA
"Kenneth","1994",NA
"Kevin","1994",NA
"Kian","1994",NA
"Kieran","1994",36
"Kyle","1994",43
"Laurence","1994",NA
"Lawrence","1994",NA
"Lee","1994",55
"Leigh","1994",NA
"Leo","1994",NA
"Leon","1994",NA
"Leonard","1994",NA
"Leslie","1994",NA
"Lewis","1994",22
"Liam","1994",17
"Lionel","1994",NA
"Logan","1994",NA
"Louie","1994",NA
"Louis","1994",66
"Luca","1994",NA
"Lucas","1994",NA
"Luke","1994",8
"Malcolm","1994",NA
"Marc","1994",NA
"Marcus","1994",82
"Mark","1994",45
"Martin","1994",87
"Martyn","1994",NA
"Mason","1994",NA
"Mathew","1994",97
"Matthew","1994",5
"Maurice","1994",NA
"Max","1994",72
"Melvyn","1994",NA
"Michael","1994",12
"Mitchell","1994",77
"Mohamed","1994",NA
"Mohammad","1994",96
"Mohammed","1994",41
"Morgan","1994",NA
"Morris","1994",NA
"Muhammad","1994",NA
"Nathan","1994",27
"Neil","1994",NA
"Neville","1994",NA
"Nicholas","1994",42
"Nigel","1994",NA
"Noah","1994",NA
"Noel","1994",NA
"Norman","1994",NA
"Oliver","1994",23
"Ollie","1994",NA
"Oscar","1994",NA
"Owen","1994",99
"Patrick","1994",71
"Paul","1994",60
"Percival","1994",NA
"Percy","1994",NA
"Peter","1994",51
"Philip","1994",79
"Phillip","1994",NA
"Ralph","1994",NA
"Raymond","1994",NA
"Reece","1994",54
"Reggie","1994",NA
"Reginald","1994",NA
"Reuben","1994",NA
"Rhys","1994",56
"Richard","1994",49
"Ricky","1994",NA
"Riley","1994",NA
"Robert","1994",25
"Robin","1994",NA
"Rodney","1994",NA
"Roger","1994",NA
"Roland","1994",NA
"Roman","1994",NA
"Ronald","1994",NA
"Ronnie","1994",NA
"Rory","1994",NA
"Ross","1994",64
"Roy","1994",NA
"Royston","1994",NA
"Russell","1994",NA
"Ryan","1994",6
"Sam","1994",38
"Samuel","1994",9
"Scott","1994",37
"Sean","1994",46
"Sebastian","1994",NA
"Seth","1994",NA
"Shane","1994",69
"Shaun","1994",73
"Sidney","1994",NA
"Simon","1994",75
"Sonny","1994",NA
"Stanley","1994",NA
"Stephen","1994",48
"Steven","1994",57
"Stewart","1994",NA
"Stuart","1994",89
"Sydney","1994",NA
"Taylor","1994",NA
"Teddy","1994",NA
"Terence","1994",NA
"Terry","1994",NA
"Theo","1994",NA
"Theodore","1994",NA
"Thomas","1994",1
"Timothy","1994",76
"Toby","1994",88
"Tom","1994",93
"Tommy","1994",NA
"Tony","1994",NA
"Trevor","1994",NA
"Tyler","1994",NA
"Victor","1994",NA
"Vincent","1994",NA
"Walter","1994",NA
"Wayne","1994",NA
"Wilfred","1994",NA
"William","1994",19
"Zachary","1994",NA
"Zak","1994",NA
"Aaron","2005",45
"Abdul","2005",NA
"Adam","2005",26
"Adrian","2005",NA
"Aidan","2005",78
"Alan","2005",NA
"Albert","2005",NA
"Alec","2005",NA
"Alex","2005",53
"Alexander","2005",22
"Alfie","2005",23
"Alfred","2005",NA
"Allan","2005",NA
"Andrew","2005",88
"Anthony","2005",NA
"Antony","2005",NA
"Archibald","2005",NA
"Archie","2005",38
"Arnold","2005",NA
"Arthur","2005",NA
"Ashley","2005",NA
"Austin","2005",NA
"Bailey","2005",62
"Barrie","2005",NA
"Barry","2005",NA
"Basil","2005",NA
"Ben","2005",32
"Benjamin","2005",11
"Bernard","2005",NA
"Bertie","2005",NA
"Bertram","2005",NA
"Billy","2005",71
"Blake","2005",NA
"Bobby","2005",NA
"Bradley","2005",39
"Brandon","2005",47
"Brett","2005",NA
"Brian","2005",NA
"Bruce","2005",NA
"Bryan","2005",NA
"Caleb","2005",NA
"Callum","2005",14
"Cameron","2005",34
"Carl","2005",NA
"Carter","2005",NA
"Cecil","2005",NA
"Charles","2005",49
"Charlie","2005",12
"Christian","2005",NA
"Christopher","2005",76
"Clarence","2005",NA
"Claude","2005",NA
"Clifford","2005",NA
"Clive","2005",NA
"Colin","2005",NA
"Connor","2005",30
"Conor","2005",NA
"Corey","2005",91
"Craig","2005",NA
"Cyril","2005",NA
"Dale","2005",NA
"Damian","2005",NA
"Damien","2005",NA
"Daniel","2005",6
"Danny","2005",NA
"Darren","2005",NA
"David","2005",61
"Dean","2005",NA
"Declan","2005",NA
"Denis","2005",NA
"Dennis","2005",NA
"Derek","2005",NA
"Derrick","2005",NA
"Desmond","2005",NA
"Dexter","2005",NA
"Dominic","2005",86
"Donald","2005",NA
"Douglas","2005",NA
"Duncan","2005",NA
"Dylan","2005",24
"Edgar","2005",NA
"Edmund","2005",NA
"Edward","2005",46
"Edwin","2005",NA
"Elijah","2005",NA
"Elliot","2005",82
"Elliott","2005",NA
"Ellis","2005",87
"Eric","2005",NA
"Ernest","2005",NA
"Ethan","2005",18
"Evan","2005",97
"Ewan","2005",90
"Felix","2005",NA
"Finlay","2005",57
"Finley","2005",64
"Francis","2005",NA
"Frank","2005",NA
"Frankie","2005",NA
"Fred","2005",NA
"Freddie","2005",79
"Frederick","2005",98
"Gabriel","2005",96
"Gareth","2005",NA
"Garry","2005",NA
"Gary","2005",NA
"Gavin","2005",NA
"Geoffrey","2005",NA
"George","2005",17
"Gerald","2005",NA
"Gerard","2005",NA
"Gilbert","2005",NA
"Glen","2005",NA
"Glenn","2005",NA
"Gordon","2005",NA
"Graeme","2005",NA
"Graham","2005",NA
"Gregory","2005",NA
"Guy","2005",NA
"Harley","2005",70
"Harold","2005",NA
"Harrison","2005",39
"Harry","2005",9
"Harvey","2005",27
"Hector","2005",NA
"Henry","2005",44
"Herbert","2005",NA
"Horace","2005",NA
"Howard","2005",NA
"Hubert","2005",NA
"Hugh","2005",NA
"Hugo","2005",NA
"Iain","2005",NA
"Ian","2005",NA
"Ibrahim","2005",NA
"Isaac","2005",53
"Ivan","2005",NA
"Ivor","2005",NA
"Jack","2005",1
"Jackson","2005",NA
"Jacob","2005",21
"Jake","2005",16
"James","2005",4
"Jamie","2005",33
"Jason","2005",NA
"Jaxon","2005",NA
"Jay","2005",81
"Jayden","2005",84
"Jeffrey","2005",NA
"Jenson","2005",NA
"Jeremy","2005",NA
"Jesse","2005",NA
"Joe","2005",65
"Joel","2005",69
"John","2005",72
"Jonathan","2005",93
"Jordan","2005",NA
"Joseph","2005",10
"Josh","2005",NA
"Joshua","2005",2
"Jude","2005",NA
"Julian","2005",NA
"Justin","2005",NA
"Kai","2005",66
"Karl","2005",NA
"Keith","2005",NA
"Kenneth","2005",NA
"Kevin","2005",NA
"Kian","2005",63
"Kieran","2005",50
"Kyle","2005",41
"Laurence","2005",NA
"Lawrence","2005",NA
"Lee","2005",NA
"Leigh","2005",NA
"Leo","2005",37
"Leon","2005",75
"Leonard","2005",NA
"Leslie","2005",NA
"Lewis","2005",19
"Liam","2005",28
"Lionel","2005",NA
"Logan","2005",77
"Louie","2005",NA
"Louis","2005",43
"Luca","2005",83
"Lucas","2005",58
"Luke","2005",13
"Malcolm","2005",NA
"Marc","2005",NA
"Marcus","2005",NA
"Mark","2005",NA
"Martin","2005",NA
"Martyn","2005",NA
"Mason","2005",60
"Mathew","2005",NA
"Matthew","2005",15
"Maurice","2005",NA
"Max","2005",31
"Melvyn","2005",NA
"Michael","2005",42
"Mitchell","2005",NA
"Mohamed","2005",NA
"Mohammad","2005",68
"Mohammed","2005",20
"Morgan","2005",80
"Morris","2005",NA
"Muhammad","2005",52
"Nathan","2005",35
"Neil","2005",NA
"Neville","2005",NA
"Nicholas","2005",NA
"Nigel","2005",NA
"Noah","2005",51
"Noel","2005",NA
"Norman","2005",NA
"Oliver","2005",5
"Ollie","2005",NA
"Oscar","2005",55
"Owen","2005",36
"Patrick","2005",92
"Paul","2005",NA
"Percival","2005",NA
"Percy","2005",NA
"Peter","2005",NA
"Philip","2005",NA
"Phillip","2005",NA
"Ralph","2005",NA
"Raymond","2005",NA
"Reece","2005",56
"Reggie","2005",NA
"Reginald","2005",NA
"Reuben","2005",NA
"Rhys","2005",59
"Richard","2005",NA
"Ricky","2005",NA
"Riley","2005",74
"Robert","2005",73
"Robin","2005",NA
"Rodney","2005",NA
"Roger","2005",NA
"Roland","2005",NA
"Roman","2005",NA
"Ronald","2005",NA
"Ronnie","2005",NA
"Rory","2005",NA
"Ross","2005",NA
"Roy","2005",NA
"Royston","2005",NA
"Russell","2005",NA
"Ryan","2005",25
"Sam","2005",67
"Samuel","2005",7
"Scott","2005",99
"Sean","2005",94
"Sebastian","2005",89
"Seth","2005",NA
"Shane","2005",NA
"Shaun","2005",NA
"Sidney","2005",NA
"Simon","2005",NA
"Sonny","2005",NA
"Stanley","2005",NA
"Stephen","2005",NA
"Steven","2005",NA
"Stewart","2005",NA
"Stuart","2005",NA
"Sydney","2005",NA
"Taylor","2005",85
"Teddy","2005",NA
"Terence","2005",NA
"Terry","2005",NA
"Theo","2005",NA
"Theodore","2005",NA
"Thomas","2005",3
"Timothy","2005",NA
"Toby","2005",48
"Tom","2005",NA
"Tommy","2005",NA
"Tony","2005",NA
"Trevor","2005",NA
"Tyler","2005",29
"Victor","2005",NA
"Vincent","2005",NA
"Walter","2005",NA
"Wayne","2005",NA
"Wilfred","2005",NA
"William","2005",8
"Zachary","2005",95
"Zak","2005",100
"Aaron","2015",87
"Abdul","2015",NA
"Adam","2015",38
"Adrian","2015",NA
"Aidan","2015",NA
"Alan","2015",NA
"Albert","2015",72
"Alec","2015",NA
"Alex","2015",75
"Alexander","2015",22
"Alfie","2015",14
"Alfred","2015",NA
"Allan","2015",NA
"Andrew","2015",NA
"Anthony","2015",NA
"Antony","2015",NA
"Archibald","2015",NA
"Archie","2015",19
"Arnold","2015",NA
"Arthur","2015",37
"Ashley","2015",NA
"Austin","2015",89
"Bailey","2015",NA
"Barrie","2015",NA
"Barry","2015",NA
"Basil","2015",NA
"Ben","2015",NA
"Benjamin","2015",30
"Bernard","2015",NA
"Bertie","2015",NA
"Bertram","2015",NA
"Billy","2015",NA
"Blake","2015",62
"Bobby","2015",67
"Bradley","2015",NA
"Brandon","2015",NA
"Brett","2015",NA
"Brian","2015",NA
"Bruce","2015",NA
"Bryan","2015",NA
"Caleb","2015",99
"Callum","2015",83
"Cameron","2015",NA
"Carl","2015",NA
"Carter","2015",94
"Cecil","2015",NA
"Charles","2015",66
"Charlie","2015",6
"Christian","2015",NA
"Christopher","2015",NA
"Clarence","2015",NA
"Claude","2015",NA
"Clifford","2015",NA
"Clive","2015",NA
"Colin","2015",NA
"Connor","2015",100
"Conor","2015",NA
"Corey","2015",NA
"Craig","2015",NA
"Cyril","2015",NA
"Dale","2015",NA
"Damian","2015",NA
"Damien","2015",NA
"Daniel","2015",24
"Danny","2015",NA
"Darren","2015",NA
"David","2015",43
"Dean","2015",NA
"Declan","2015",NA
"Denis","2015",NA
"Dennis","2015",NA
"Derek","2015",NA
"Derrick","2015",NA
"Desmond","2015",NA
"Dexter","2015",79
"Dominic","2015",NA
"Donald","2015",NA
"Douglas","2015",NA
"Duncan","2015",NA
"Dylan","2015",38
"Edgar","2015",NA
"Edmund","2015",NA
"Edward","2015",26
"Edwin","2015",NA
"Elijah","2015",46
"Elliot","2015",73
"Elliott","2015",71
"Ellis","2015",90
"Eric","2015",NA
"Ernest","2015",NA
"Ethan","2015",18
"Evan","2015",NA
"Ewan","2015",NA
"Felix","2015",95
"Finlay","2015",NA
"Finley","2015",36
"Francis","2015",NA
"Frank","2015",NA
"Frankie","2015",57
"Fred","2015",NA
"Freddie","2015",17
"Frederick","2015",76
"Gabriel","2015",65
"Gareth","2015",NA
"Garry","2015",NA
"Gary","2015",NA
"Gavin","2015",NA
"Geoffrey","2015",NA
"George","2015",4
"Gerald","2015",NA
"Gerard","2015",NA
"Gilbert","2015",NA
"Glen","2015",NA
"Glenn","2015",NA
"Gordon","2015",NA
"Graeme","2015",NA
"Graham","2015",NA
"Gregory","2015",NA
"Guy","2015",NA
"Harley","2015",52
"Harold","2015",NA
"Harrison","2015",32
"Harry","2015",3
"Harvey","2015",50
"Hector","2015",NA
"Henry","2015",13
"Herbert","2015",NA
"Horace","2015",NA
"Howard","2015",NA
"Hubert","2015",NA
"Hugh","2015",NA
"Hugo","2015",55
"Iain","2015",NA
"Ian","2015",NA
"Ibrahim","2015",96
"Isaac","2015",20
"Ivan","2015",NA
"Ivor","2015",NA
"Jack","2015",2
"Jackson","2015",82
"Jacob","2015",5
"Jake","2015",34
"James","2015",11
"Jamie","2015",91
"Jason","2015",NA
"Jaxon","2015",80
"Jay","2015",NA
"Jayden","2015",49
"Jeffrey","2015",NA
"Jenson","2015",48
"Jeremy","2015",NA
"Jesse","2015",NA
"Joe","2015",NA
"Joel","2015",NA
"John","2015",NA
"Jonathan","2015",NA
"Jordan","2015",NA
"Joseph","2015",21
"Josh","2015",NA
"Joshua","2015",16
"Jude","2015",61
"Julian","2015",NA
"Justin","2015",NA
"Kai","2015",86
"Karl","2015",NA
"Keith","2015",NA
"Kenneth","2015",NA
"Kevin","2015",NA
"Kian","2015",98
"Kieran","2015",NA
"Kyle","2015",NA
"Laurence","2015",NA
"Lawrence","2015",NA
"Lee","2015",NA
"Leigh","2015",NA
"Leo","2015",15
"Leon","2015",85
"Leonard","2015",NA
"Leslie","2015",NA
"Lewis","2015",56
"Liam","2015",81
"Lionel","2015",NA
"Logan","2015",25
"Louie","2015",63
"Louis","2015",78
"Luca","2015",53
"Lucas","2015",27
"Luke","2015",58
"Malcolm","2015",NA
"Marc","2015",NA
"Marcus","2015",NA
"Mark","2015",NA
"Martin","2015",NA
"Martyn","2015",NA
"Mason","2015",31
"Mathew","2015",NA
"Matthew","2015",47
"Maurice","2015",NA
"Max","2015",28
"Melvyn","2015",NA
"Michael","2015",54
"Mitchell","2015",NA
"Mohamed","2015",NA
"Mohammad","2015",68
"Mohammed","2015",29
"Morgan","2015",NA
"Morris","2015",NA
"Muhammad","2015",12
"Nathan","2015",64
"Neil","2015",NA
"Neville","2015",NA
"Nicholas","2015",NA
"Nigel","2015",NA
"Noah","2015",7
"Noel","2015",NA
"Norman","2015",NA
"Oliver","2015",1
"Ollie","2015",77
"Oscar","2015",10
"Owen","2015",NA
"Patrick","2015",NA
"Paul","2015",NA
"Percival","2015",NA
"Percy","2015",NA
"Peter","2015",NA
"Philip","2015",NA
"Phillip","2015",NA
"Ralph","2015",NA
"Raymond","2015",NA
"Reece","2015",NA
"Reggie","2015",91
"Reginald","2015",NA
"Reuben","2015",51
"Rhys","2015",NA
"Richard","2015",NA
"Ricky","2015",NA
"Riley","2015",40
"Robert","2015",NA
"Robin","2015",NA
"Rodney","2015",NA
"Roger","2015",NA
"Roland","2015",NA
"Roman","2015",88
"Ronald","2015",NA
"Ronnie","2015",83
"Rory","2015",74
"Ross","2015",NA
"Roy","2015",NA
"Royston","2015",NA
"Russell","2015",NA
"Ryan","2015",69
"Sam","2015",NA
"Samuel","2015",23
"Scott","2015",NA
"Sean","2015",NA
"Sebastian","2015",35
"Seth","2015",93
"Shane","2015",NA
"Shaun","2015",NA
"Sidney","2015",NA
"Simon","2015",NA
"Sonny","2015",97
"Stanley","2015",59
"Stephen","2015",NA
"Steven","2015",NA
"Stewart","2015",NA
"Stuart","2015",NA
"Sydney","2015",NA
"Taylor","2015",NA
"Teddy","2015",42
"Terence","2015",NA
"Terry","2015",NA
"Theo","2015",33
"Theodore","2015",45
"Thomas","2015",9
"Timothy","2015",NA
"Toby","2015",44
"Tom","2015",NA
"Tommy","2015",60
"Tony","2015",NA
"Trevor","2015",NA
"Tyler","2015",70
"Victor","2015",NA
"Vincent","2015",NA
"Walter","2015",NA
"Wayne","2015",NA
"Wilfred","2015",NA
"William","2015",8
"Zachary","2015",41
"Zak","2015",NA
