"","Name","Year","Rank"
"1","Aaron","1904",NA
"2","Abdul","1904",NA
"3","Adam","1904",NA
"4","Adrian","1904",NA
"5","Aidan","1904",NA
"6","Alan","1904",62
"7","Albert","1904",9
"8","Albie","1904",NA
"9","Alec","1904",90
"10","Alex","1904",NA
"11","Alexander","1904",42
"12","Alfie","1904",NA
"13","Alfred","1904",11
"14","Allan","1904",92
"15","Andrew","1904",71
"16","Anthony","1904",91
"17","Antony","1904",NA
"18","Archibald","1904",60
"19","Archie","1904",NA
"20","Arlo","1904",NA
"21","Arnold","1904",75
"22","Arthur","1904",5
"23","Ashley","1904",NA
"24","Austin","1904",NA
"25","Bailey","1904",NA
"26","Barrie","1904",NA
"27","Barry","1904",NA
"28","Basil","1904",NA
"29","Ben","1904",NA
"30","Benjamin","1904",53
"31","Bernard","1904",45
"32","Bertie","1904",69
"33","Bertram","1904",74
"34","Billy","1904",NA
"35","Blake","1904",NA
"36","Bobby","1904",NA
"37","Bradley","1904",NA
"38","Brandon","1904",NA
"39","Brett","1904",NA
"40","Brian","1904",NA
"41","Bruce","1904",NA
"42","Bryan","1904",NA
"43","Caleb","1904",NA
"44","Callum","1904",NA
"45","Cameron","1904",NA
"46","Carl","1904",NA
"47","Carter","1904",NA
"48","Cecil","1904",34
"49","Charles","1904",7
"50","Charlie","1904",NA
"51","Christian","1904",NA
"52","Christopher","1904",61
"53","Clarence","1904",77
"54","Claude","1904",83
"55","Clifford","1904",43
"56","Clive","1904",NA
"57","Colin","1904",96
"58","Connor","1904",NA
"59","Conor","1904",NA
"60","Corey","1904",NA
"61","Craig","1904",NA
"62","Cyril","1904",26
"63","Dale","1904",NA
"64","Damian","1904",NA
"65","Damien","1904",NA
"66","Daniel","1904",57
"67","Danny","1904",NA
"68","Darren","1904",NA
"69","David","1904",30
"70","Dean","1904",NA
"71","Declan","1904",NA
"72","Denis","1904",98
"73","Dennis","1904",87
"74","Derek","1904",NA
"75","Derrick","1904",NA
"76","Desmond","1904",NA
"77","Dexter","1904",NA
"78","Dominic","1904",NA
"79","Donald","1904",51
"80","Douglas","1904",54
"81","Duncan","1904",NA
"82","Dylan","1904",NA
"83","Edgar","1904",49
"84","Edmund","1904",76
"85","Edward","1904",12
"86","Edwin","1904",40
"87","Elijah","1904",NA
"88","Elliot","1904",NA
"89","Elliott","1904",NA
"90","Ellis","1904",NA
"91","Eric","1904",35
"92","Ernest","1904",10
"93","Ethan","1904",NA
"94","Evan","1904",88
"95","Ewan","1904",NA
"96","Ezra","1904",NA
"97","Felix","1904",NA
"98","Finlay","1904",NA
"99","Finley","1904",NA
"100","Finn","1904",NA
"101","Francis","1904",28
"102","Frank","1904",16
"103","Frankie","1904",NA
"104","Fred","1904",38
"105","Freddie","1904",NA
"106","Frederick","1904",8
"107","Gabriel","1904",NA
"108","Gareth","1904",NA
"109","Garry","1904",NA
"110","Gary","1904",NA
"111","Gavin","1904",NA
"112","Geoffrey","1904",58
"113","George","1904",3
"114","Gerald","1904",68
"115","Gerard","1904",NA
"116","Gilbert","1904",64
"117","Glen","1904",NA
"118","Glenn","1904",NA
"119","Gordon","1904",82
"120","Graeme","1904",NA
"121","Graham","1904",NA
"122","Gregory","1904",NA
"123","Guy","1904",NA
"124","Harley","1904",NA
"125","Harold","1904",14
"126","Harrison","1904",NA
"127","Harry","1904",18
"128","Harvey","1904",NA
"129","Hector","1904",89
"130","Henry","1904",17
"131","Herbert","1904",21
"132","Horace","1904",37
"133","Howard","1904",95
"134","Hubert","1904",65
"135","Hugh","1904",55
"136","Hugo","1904",NA
"137","Iain","1904",NA
"138","Ian","1904",NA
"139","Ibrahim","1904",NA
"140","Isaac","1904",NA
"141","Ivan","1904",NA
"142","Ivor","1904",79
"143","Jack","1904",39
"144","Jackson","1904",NA
"145","Jacob","1904",NA
"146","Jake","1904",NA
"147","James","1904",6
"148","Jamie","1904",NA
"149","Jason","1904",NA
"150","Jasper","1904",NA
"151","Jaxon","1904",NA
"152","Jay","1904",NA
"153","Jayden","1904",NA
"154","Jeffrey","1904",NA
"155","Jenson","1904",NA
"156","Jeremy","1904",NA
"157","Jesse","1904",100
"158","Joe","1904",NA
"159","Joel","1904",NA
"160","John","1904",2
"161","Jonathan","1904",NA
"162","Jordan","1904",NA
"163","Joseph","1904",13
"164","Josh","1904",NA
"165","Joshua","1904",NA
"166","Jude","1904",NA
"167","Julian","1904",NA
"168","Justin","1904",NA
"169","Kai","1904",NA
"170","Karl","1904",NA
"171","Keith","1904",NA
"172","Kenneth","1904",52
"173","Kevin","1904",NA
"174","Kian","1904",NA
"175","Kieran","1904",NA
"176","Kyle","1904",NA
"177","Laurence","1904",99
"178","Lawrence","1904",56
"179","Lee","1904",NA
"180","Leigh","1904",NA
"181","Leo","1904",NA
"182","Leon","1904",NA
"183","Leonard","1904",22
"184","Leslie","1904",24
"185","Lewis","1904",70
"186","Liam","1904",NA
"187","Lionel","1904",86
"188","Logan","1904",NA
"189","Louie","1904",NA
"190","Louis","1904",78
"191","Luca","1904",NA
"192","Lucas","1904",NA
"193","Luke","1904",NA
"194","Malcolm","1904",NA
"195","Marc","1904",NA
"196","Marcus","1904",NA
"197","Mark","1904",81
"198","Martin","1904",85
"199","Martyn","1904",NA
"200","Mason","1904",NA
"201","Mathew","1904",NA
"202","Matthew","1904",84
"203","Maurice","1904",50
"204","Max","1904",NA
"205","Melvyn","1904",NA
"206","Michael","1904",46
"207","Mitchell","1904",NA
"208","Mohamed","1904",NA
"209","Mohammad","1904",NA
"210","Mohammed","1904",NA
"211","Morgan","1904",NA
"212","Morris","1904",97
"213","Muhammad","1904",NA
"214","Nathan","1904",NA
"215","Neil","1904",NA
"216","Neville","1904",NA
"217","Nicholas","1904",NA
"218","Nigel","1904",NA
"219","Noah","1904",NA
"220","Noel","1904",NA
"221","Norman","1904",33
"222","Oliver","1904",93
"223","Ollie","1904",NA
"224","Oscar","1904",NA
"225","Owen","1904",94
"226","Patrick","1904",44
"227","Paul","1904",NA
"228","Percival","1904",72
"229","Percy","1904",29
"230","Peter","1904",59
"231","Philip","1904",48
"232","Phillip","1904",NA
"233","Ralph","1904",66
"234","Raymond","1904",73
"235","Reece","1904",NA
"236","Reggie","1904",NA
"237","Reginald","1904",20
"238","Reuben","1904",NA
"239","Rhys","1904",NA
"240","Richard","1904",25
"241","Ricky","1904",NA
"242","Riley","1904",NA
"243","Robert","1904",15
"244","Robin","1904",NA
"245","Rodney","1904",NA
"246","Roger","1904",NA
"247","Roland","1904",80
"248","Roman","1904",NA
"249","Ronald","1904",41
"250","Ronnie","1904",NA
"251","Rory","1904",NA
"252","Ross","1904",NA
"253","Roy","1904",NA
"254","Royston","1904",NA
"255","Russell","1904",NA
"256","Ryan","1904",NA
"257","Sam","1904",NA
"258","Samuel","1904",32
"259","Scott","1904",NA
"260","Sean","1904",NA
"261","Sebastian","1904",NA
"262","Shane","1904",NA
"263","Shaun","1904",NA
"264","Sidney","1904",27
"265","Simon","1904",NA
"266","Stanley","1904",23
"267","Stephen","1904",67
"268","Steven","1904",NA
"269","Stewart","1904",NA
"270","Stuart","1904",NA
"271","Sydney","1904",36
"272","Taylor","1904",NA
"273","Teddy","1904",NA
"274","Terence","1904",NA
"275","Terry","1904",NA
"276","Theo","1904",NA
"277","Theodore","1904",NA
"278","Thomas","1904",4
"279","Timothy","1904",NA
"280","Toby","1904",NA
"281","Tom","1904",63
"282","Tommy","1904",NA
"283","Tony","1904",NA
"284","Trevor","1904",NA
"285","Tyler","1904",NA
"286","Victor","1904",47
"287","Vincent","1904",NA
"288","Walter","1904",19
"289","Wayne","1904",NA
"290","Wilfred","1904",31
"291","William","1904",1
"292","Zachary","1904",NA
"293","Zak","1904",NA
"294","Aaron","1914",NA
"295","Abdul","1914",NA
"296","Adam","1914",NA
"297","Adrian","1914",NA
"298","Aidan","1914",NA
"299","Alan","1914",58
"300","Albert","1914",8
"301","Albie","1914",NA
"302","Alec","1914",84
"303","Alex","1914",NA
"304","Alexander","1914",53
"305","Alfie","1914",NA
"306","Alfred","1914",14
"307","Allan","1914",89
"308","Andrew","1914",67
"309","Anthony","1914",76
"310","Antony","1914",NA
"311","Archibald","1914",88
"312","Archie","1914",NA
"313","Arlo","1914",NA
"314","Arnold","1914",75
"315","Arthur","1914",6
"316","Ashley","1914",NA
"317","Austin","1914",NA
"318","Bailey","1914",NA
"319","Barrie","1914",NA
"320","Barry","1914",NA
"321","Basil","1914",92
"322","Ben","1914",NA
"323","Benjamin","1914",63
"324","Bernard","1914",40
"325","Bertie","1914",NA
"326","Bertram","1914",77
"327","Billy","1914",NA
"328","Blake","1914",NA
"329","Bobby","1914",NA
"330","Bradley","1914",NA
"331","Brandon","1914",NA
"332","Brett","1914",NA
"333","Brian","1914",NA
"334","Bruce","1914",NA
"335","Bryan","1914",NA
"336","Caleb","1914",NA
"337","Callum","1914",NA
"338","Cameron","1914",NA
"339","Carl","1914",NA
"340","Carter","1914",NA
"341","Cecil","1914",46
"342","Charles","1914",9
"343","Charlie","1914",NA
"344","Christian","1914",NA
"345","Christopher","1914",66
"346","Clarence","1914",90
"347","Claude","1914",97
"348","Clifford","1914",45
"349","Clive","1914",NA
"350","Colin","1914",82
"351","Connor","1914",NA
"352","Conor","1914",NA
"353","Corey","1914",NA
"354","Craig","1914",NA
"355","Cyril","1914",29
"356","Dale","1914",NA
"357","Damian","1914",NA
"358","Damien","1914",NA
"359","Daniel","1914",59
"360","Danny","1914",NA
"361","Darren","1914",NA
"362","David","1914",32
"363","Dean","1914",NA
"364","Declan","1914",NA
"365","Denis","1914",69
"366","Dennis","1914",56
"367","Derek","1914",NA
"368","Derrick","1914",NA
"369","Desmond","1914",NA
"370","Dexter","1914",NA
"371","Dominic","1914",NA
"372","Donald","1914",41
"373","Douglas","1914",57
"374","Duncan","1914",NA
"375","Dylan","1914",NA
"376","Edgar","1914",65
"377","Edmund","1914",80
"378","Edward","1914",11
"379","Edwin","1914",50
"380","Elijah","1914",NA
"381","Elliot","1914",NA
"382","Elliott","1914",NA
"383","Ellis","1914",NA
"384","Eric","1914",27
"385","Ernest","1914",13
"386","Ethan","1914",NA
"387","Evan","1914",96
"388","Ewan","1914",NA
"389","Ezra","1914",NA
"390","Felix","1914",NA
"391","Finlay","1914",NA
"392","Finley","1914",NA
"393","Finn","1914",NA
"394","Francis","1914",34
"395","Frank","1914",15
"396","Frankie","1914",NA
"397","Fred","1914",47
"398","Freddie","1914",NA
"399","Frederick","1914",7
"400","Gabriel","1914",NA
"401","Gareth","1914",NA
"402","Garry","1914",NA
"403","Gary","1914",NA
"404","Gavin","1914",NA
"405","Geoffrey","1914",55
"406","George","1914",3
"407","Gerald","1914",70
"408","Gerard","1914",NA
"409","Gilbert","1914",72
"410","Glen","1914",NA
"411","Glenn","1914",NA
"412","Gordon","1914",54
"413","Graeme","1914",NA
"414","Graham","1914",NA
"415","Gregory","1914",NA
"416","Guy","1914",NA
"417","Harley","1914",NA
"418","Harold","1914",18
"419","Harrison","1914",NA
"420","Harry","1914",19
"421","Harvey","1914",NA
"422","Hector","1914",NA
"423","Henry","1914",16
"424","Herbert","1914",25
"425","Horace","1914",43
"426","Howard","1914",95
"427","Hubert","1914",71
"428","Hugh","1914",61
"429","Hugo","1914",NA
"430","Iain","1914",NA
"431","Ian","1914",NA
"432","Ibrahim","1914",NA
"433","Isaac","1914",NA
"434","Ivan","1914",NA
"435","Ivor","1914",73
"436","Jack","1914",30
"437","Jackson","1914",NA
"438","Jacob","1914",NA
"439","Jake","1914",NA
"440","James","1914",5
"441","Jamie","1914",NA
"442","Jason","1914",NA
"443","Jasper","1914",NA
"444","Jaxon","1914",NA
"445","Jay","1914",NA
"446","Jayden","1914",NA
"447","Jeffrey","1914",NA
"448","Jenson","1914",NA
"449","Jeremy","1914",NA
"450","Jesse","1914",NA
"451","Joe","1914",NA
"452","Joel","1914",NA
"453","John","1914",1
"454","Jonathan","1914",NA
"455","Jordan","1914",NA
"456","Joseph","1914",12
"457","Josh","1914",NA
"458","Joshua","1914",NA
"459","Jude","1914",NA
"460","Julian","1914",NA
"461","Justin","1914",NA
"462","Kai","1914",NA
"463","Karl","1914",NA
"464","Keith","1914",NA
"465","Kenneth","1914",33
"466","Kevin","1914",NA
"467","Kian","1914",NA
"468","Kieran","1914",NA
"469","Kyle","1914",NA
"470","Laurence","1914",87
"471","Lawrence","1914",62
"472","Lee","1914",NA
"473","Leigh","1914",NA
"474","Leo","1914",NA
"475","Leon","1914",NA
"476","Leonard","1914",20
"477","Leslie","1914",17
"478","Lewis","1914",78
"479","Liam","1914",NA
"480","Lionel","1914",81
"481","Logan","1914",NA
"482","Louie","1914",NA
"483","Louis","1914",79
"484","Luca","1914",NA
"485","Lucas","1914",NA
"486","Luke","1914",NA
"487","Malcolm","1914",NA
"488","Marc","1914",NA
"489","Marcus","1914",NA
"490","Mark","1914",NA
"491","Martin","1914",86
"492","Martyn","1914",NA
"493","Mason","1914",NA
"494","Mathew","1914",NA
"495","Matthew","1914",85
"496","Maurice","1914",48
"497","Max","1914",NA
"498","Melvyn","1914",NA
"499","Michael","1914",39
"500","Mitchell","1914",NA
"501","Mohamed","1914",NA
"502","Mohammad","1914",NA
"503","Mohammed","1914",NA
"504","Morgan","1914",NA
"505","Morris","1914",NA
"506","Muhammad","1914",NA
"507","Nathan","1914",NA
"508","Neil","1914",NA
"509","Neville","1914",NA
"510","Nicholas","1914",NA
"511","Nigel","1914",NA
"512","Noah","1914",NA
"513","Noel","1914",NA
"514","Norman","1914",28
"515","Oliver","1914",NA
"516","Ollie","1914",NA
"517","Oscar","1914",NA
"518","Owen","1914",98
"519","Patrick","1914",38
"520","Paul","1914",93
"521","Percival","1914",94
"522","Percy","1914",44
"523","Peter","1914",42
"524","Philip","1914",52
"525","Phillip","1914",99
"526","Ralph","1914",60
"527","Raymond","1914",51
"528","Reece","1914",NA
"529","Reggie","1914",NA
"530","Reginald","1914",24
"531","Reuben","1914",NA
"532","Rhys","1914",NA
"533","Richard","1914",26
"534","Ricky","1914",NA
"535","Riley","1914",NA
"536","Robert","1914",10
"537","Robin","1914",NA
"538","Rodney","1914",NA
"539","Roger","1914",NA
"540","Roland","1914",83
"541","Roman","1914",NA
"542","Ronald","1914",21
"543","Ronnie","1914",NA
"544","Rory","1914",NA
"545","Ross","1914",NA
"546","Roy","1914",64
"547","Royston","1914",NA
"548","Russell","1914",NA
"549","Ryan","1914",NA
"550","Sam","1914",NA
"551","Samuel","1914",36
"552","Scott","1914",NA
"553","Sean","1914",NA
"554","Sebastian","1914",NA
"555","Shane","1914",NA
"556","Shaun","1914",NA
"557","Sidney","1914",31
"558","Simon","1914",NA
"559","Stanley","1914",22
"560","Stephen","1914",68
"561","Steven","1914",NA
"562","Stewart","1914",NA
"563","Stuart","1914",NA
"564","Sydney","1914",37
"565","Taylor","1914",NA
"566","Teddy","1914",NA
"567","Terence","1914",NA
"568","Terry","1914",NA
"569","Theo","1914",NA
"570","Theodore","1914",NA
"571","Thomas","1914",4
"572","Timothy","1914",NA
"573","Toby","1914",NA
"574","Tom","1914",74
"575","Tommy","1914",NA
"576","Tony","1914",NA
"577","Trevor","1914",100
"578","Tyler","1914",NA
"579","Victor","1914",49
"580","Vincent","1914",91
"581","Walter","1914",23
"582","Wayne","1914",NA
"583","Wilfred","1914",35
"584","William","1914",2
"585","Zachary","1914",NA
"586","Zak","1914",NA
"587","Aaron","1924",NA
"588","Abdul","1924",NA
"589","Adam","1924",NA
"590","Adrian","1924",NA
"591","Aidan","1924",NA
"592","Alan","1924",37
"593","Albert","1924",13
"594","Albie","1924",NA
"595","Alec","1924",94
"596","Alex","1924",NA
"597","Alexander","1924",54
"598","Alfie","1924",NA
"599","Alfred","1924",27
"600","Allan","1924",75
"601","Andrew","1924",73
"602","Anthony","1924",49
"603","Antony","1924",NA
"604","Archibald","1924",NA
"605","Archie","1924",NA
"606","Arlo","1924",NA
"607","Arnold","1924",81
"608","Arthur","1924",9
"609","Ashley","1924",NA
"610","Austin","1924",NA
"611","Bailey","1924",NA
"612","Barrie","1924",NA
"613","Barry","1924",NA
"614","Basil","1924",80
"615","Ben","1924",NA
"616","Benjamin","1924",83
"617","Bernard","1924",42
"618","Bertie","1924",NA
"619","Bertram","1924",NA
"620","Billy","1924",NA
"621","Blake","1924",NA
"622","Bobby","1924",NA
"623","Bradley","1924",NA
"624","Brandon","1924",NA
"625","Brett","1924",NA
"626","Brian","1924",66
"627","Bruce","1924",NA
"628","Bryan","1924",NA
"629","Caleb","1924",NA
"630","Callum","1924",NA
"631","Cameron","1924",NA
"632","Carl","1924",NA
"633","Carter","1924",NA
"634","Cecil","1924",60
"635","Charles","1924",14
"636","Charlie","1924",NA
"637","Christian","1924",NA
"638","Christopher","1924",69
"639","Clarence","1924",NA
"640","Claude","1924",NA
"641","Clifford","1924",48
"642","Clive","1924",NA
"643","Colin","1924",61
"644","Connor","1924",NA
"645","Conor","1924",NA
"646","Corey","1924",NA
"647","Craig","1924",NA
"648","Cyril","1924",35
"649","Dale","1924",NA
"650","Damian","1924",NA
"651","Damien","1924",NA
"652","Daniel","1924",72
"653","Danny","1924",NA
"654","Darren","1924",NA
"655","David","1924",21
"656","Dean","1924",NA
"657","Declan","1924",NA
"658","Denis","1924",58
"659","Dennis","1924",20
"660","Derek","1924",52
"661","Derrick","1924",74
"662","Desmond","1924",65
"663","Dexter","1924",NA
"664","Dominic","1924",NA
"665","Donald","1924",29
"666","Douglas","1924",38
"667","Duncan","1924",NA
"668","Dylan","1924",NA
"669","Edgar","1924",84
"670","Edmund","1924",96
"671","Edward","1924",12
"672","Edwin","1924",56
"673","Elijah","1924",NA
"674","Elliot","1924",NA
"675","Elliott","1924",NA
"676","Ellis","1924",NA
"677","Eric","1924",18
"678","Ernest","1924",23
"679","Ethan","1924",NA
"680","Evan","1924",NA
"681","Ewan","1924",NA
"682","Ezra","1924",NA
"683","Felix","1924",NA
"684","Finlay","1924",NA
"685","Finley","1924",NA
"686","Finn","1924",NA
"687","Francis","1924",43
"688","Frank","1924",19
"689","Frankie","1924",NA
"690","Fred","1924",63
"691","Freddie","1924",NA
"692","Frederick","1924",10
"693","Gabriel","1924",NA
"694","Gareth","1924",NA
"695","Garry","1924",NA
"696","Gary","1924",NA
"697","Gavin","1924",NA
"698","Geoffrey","1924",36
"699","George","1924",3
"700","Gerald","1924",51
"701","Gerard","1924",NA
"702","Gilbert","1924",95
"703","Glen","1924",NA
"704","Glenn","1924",NA
"705","Gordon","1924",39
"706","Graeme","1924",NA
"707","Graham","1924",92
"708","Gregory","1924",NA
"709","Guy","1924",NA
"710","Harley","1924",NA
"711","Harold","1924",26
"712","Harrison","1924",NA
"713","Harry","1924",30
"714","Harvey","1924",NA
"715","Hector","1924",NA
"716","Henry","1924",24
"717","Herbert","1924",46
"718","Horace","1924",70
"719","Howard","1924",93
"720","Hubert","1924",87
"721","Hugh","1924",71
"722","Hugo","1924",NA
"723","Iain","1924",NA
"724","Ian","1924",85
"725","Ibrahim","1924",NA
"726","Isaac","1924",NA
"727","Ivan","1924",97
"728","Ivor","1924",77
"729","Jack","1924",33
"730","Jackson","1924",NA
"731","Jacob","1924",NA
"732","Jake","1924",NA
"733","James","1924",4
"734","Jamie","1924",NA
"735","Jason","1924",NA
"736","Jasper","1924",NA
"737","Jaxon","1924",NA
"738","Jay","1924",NA
"739","Jayden","1924",NA
"740","Jeffrey","1924",NA
"741","Jenson","1924",NA
"742","Jeremy","1924",NA
"743","Jesse","1924",NA
"744","Joe","1924",NA
"745","Joel","1924",NA
"746","John","1924",1
"747","Jonathan","1924",NA
"748","Jordan","1924",NA
"749","Joseph","1924",16
"750","Josh","1924",NA
"751","Joshua","1924",NA
"752","Jude","1924",NA
"753","Julian","1924",NA
"754","Justin","1924",NA
"755","Kai","1924",NA
"756","Karl","1924",NA
"757","Keith","1924",86
"758","Kenneth","1924",7
"759","Kevin","1924",NA
"760","Kian","1924",NA
"761","Kieran","1924",NA
"762","Kyle","1924",NA
"763","Laurence","1924",100
"764","Lawrence","1924",62
"765","Lee","1924",NA
"766","Leigh","1924",NA
"767","Leo","1924",NA
"768","Leon","1924",NA
"769","Leonard","1924",25
"770","Leslie","1924",15
"771","Lewis","1924",98
"772","Liam","1924",NA
"773","Lionel","1924",90
"774","Logan","1924",NA
"775","Louie","1924",NA
"776","Louis","1924",NA
"777","Luca","1924",NA
"778","Lucas","1924",NA
"779","Luke","1924",NA
"780","Malcolm","1924",NA
"781","Marc","1924",NA
"782","Marcus","1924",NA
"783","Mark","1924",NA
"784","Martin","1924",89
"785","Martyn","1924",NA
"786","Mason","1924",NA
"787","Mathew","1924",NA
"788","Matthew","1924",NA
"789","Maurice","1924",47
"790","Max","1924",NA
"791","Melvyn","1924",NA
"792","Michael","1924",40
"793","Mitchell","1924",NA
"794","Mohamed","1924",NA
"795","Mohammad","1924",NA
"796","Mohammed","1924",91
"797","Morgan","1924",NA
"798","Morris","1924",NA
"799","Muhammad","1924",NA
"800","Nathan","1924",NA
"801","Neil","1924",NA
"802","Neville","1924",NA
"803","Nicholas","1924",NA
"804","Nigel","1924",NA
"805","Noah","1924",NA
"806","Noel","1924",NA
"807","Norman","1924",22
"808","Oliver","1924",NA
"809","Ollie","1924",NA
"810","Oscar","1924",NA
"811","Owen","1924",99
"812","Patrick","1924",44
"813","Paul","1924",88
"814","Percival","1924",NA
"815","Percy","1924",67
"816","Peter","1924",11
"817","Philip","1924",53
"818","Phillip","1924",NA
"819","Ralph","1924",64
"820","Raymond","1924",28
"821","Reece","1924",NA
"822","Reggie","1924",NA
"823","Reginald","1924",31
"824","Reuben","1924",NA
"825","Rhys","1924",NA
"826","Richard","1924",32
"827","Ricky","1924",NA
"828","Riley","1924",NA
"829","Robert","1924",8
"830","Robin","1924",NA
"831","Rodney","1924",NA
"832","Roger","1924",NA
"833","Roland","1924",82
"834","Roman","1924",NA
"835","Ronald","1924",6
"836","Ronnie","1924",NA
"837","Rory","1924",NA
"838","Ross","1924",NA
"839","Roy","1924",41
"840","Royston","1924",NA
"841","Russell","1924",NA
"842","Ryan","1924",NA
"843","Sam","1924",NA
"844","Samuel","1924",57
"845","Scott","1924",NA
"846","Sean","1924",NA
"847","Sebastian","1924",NA
"848","Shane","1924",NA
"849","Shaun","1924",NA
"850","Sidney","1924",45
"851","Simon","1924",NA
"852","Stanley","1924",17
"853","Stephen","1924",76
"854","Steven","1924",NA
"855","Stewart","1924",NA
"856","Stuart","1924",NA
"857","Sydney","1924",59
"858","Taylor","1924",NA
"859","Teddy","1924",NA
"860","Terence","1924",68
"861","Terry","1924",NA
"862","Theo","1924",NA
"863","Theodore","1924",NA
"864","Thomas","1924",5
"865","Timothy","1924",NA
"866","Toby","1924",NA
"867","Tom","1924",NA
"868","Tommy","1924",NA
"869","Tony","1924",NA
"870","Trevor","1924",79
"871","Tyler","1924",NA
"872","Victor","1924",50
"873","Vincent","1924",78
"874","Walter","1924",34
"875","Wayne","1924",NA
"876","Wilfred","1924",55
"877","William","1924",2
"878","Zachary","1924",NA
"879","Zak","1924",NA
"880","Aaron","1934",NA
"881","Abdul","1934",78
"882","Adam","1934",NA
"883","Adrian","1934",NA
"884","Aidan","1934",NA
"885","Alan","1934",13
"886","Albert","1934",35
"887","Albie","1934",NA
"888","Alec","1934",100
"889","Alex","1934",NA
"890","Alexander","1934",66
"891","Alfie","1934",NA
"892","Alfred","1934",49
"893","Allan","1934",65
"894","Andrew","1934",79
"895","Anthony","1934",16
"896","Antony","1934",NA
"897","Archibald","1934",NA
"898","Archie","1934",NA
"899","Arlo","1934",NA
"900","Arnold","1934",98
"901","Arthur","1934",25
"902","Ashley","1934",NA
"903","Austin","1934",NA
"904","Bailey","1934",NA
"905","Barrie","1934",92
"906","Barry","1934",53
"907","Basil","1934",NA
"908","Ben","1934",NA
"909","Benjamin","1934",NA
"910","Bernard","1934",38
"911","Bertie","1934",NA
"912","Bertram","1934",NA
"913","Billy","1934",NA
"914","Blake","1934",NA
"915","Bobby","1934",NA
"916","Bradley","1934",NA
"917","Brandon","1934",NA
"918","Brett","1934",NA
"919","Brian","1934",4
"920","Bruce","1934",NA
"921","Bryan","1934",58
"922","Caleb","1934",NA
"923","Callum","1934",NA
"924","Cameron","1934",NA
"925","Carl","1934",NA
"926","Carter","1934",NA
"927","Cecil","1934",94
"928","Charles","1934",29
"929","Charlie","1934",NA
"930","Christian","1934",NA
"931","Christopher","1934",57
"932","Clarence","1934",NA
"933","Claude","1934",NA
"934","Clifford","1934",60
"935","Clive","1934",70
"936","Colin","1934",26
"937","Connor","1934",NA
"938","Conor","1934",NA
"939","Corey","1934",NA
"940","Craig","1934",NA
"941","Cyril","1934",61
"942","Dale","1934",NA
"943","Damian","1934",NA
"944","Damien","1934",NA
"945","Daniel","1934",71
"946","Danny","1934",NA
"947","Darren","1934",NA
"948","David","1934",5
"949","Dean","1934",NA
"950","Declan","1934",NA
"951","Denis","1934",64
"952","Dennis","1934",19
"953","Derek","1934",14
"954","Derrick","1934",77
"955","Desmond","1934",88
"956","Dexter","1934",NA
"957","Dominic","1934",NA
"958","Donald","1934",18
"959","Douglas","1934",44
"960","Duncan","1934",NA
"961","Dylan","1934",NA
"962","Edgar","1934",NA
"963","Edmund","1934",NA
"964","Edward","1934",20
"965","Edwin","1934",74
"966","Elijah","1934",NA
"967","Elliot","1934",NA
"968","Elliott","1934",NA
"969","Ellis","1934",NA
"970","Eric","1934",27
"971","Ernest","1934",47
"972","Ethan","1934",NA
"973","Evan","1934",NA
"974","Ewan","1934",NA
"975","Ezra","1934",NA
"976","Felix","1934",NA
"977","Finlay","1934",NA
"978","Finley","1934",NA
"979","Finn","1934",NA
"980","Francis","1934",42
"981","Frank","1934",34
"982","Frankie","1934",NA
"983","Fred","1934",97
"984","Freddie","1934",NA
"985","Frederick","1934",24
"986","Gabriel","1934",NA
"987","Gareth","1934",NA
"988","Garry","1934",NA
"989","Gary","1934",NA
"990","Gavin","1934",NA
"991","Geoffrey","1934",33
"992","George","1934",10
"993","Gerald","1934",40
"994","Gerard","1934",NA
"995","Gilbert","1934",NA
"996","Glen","1934",NA
"997","Glenn","1934",NA
"998","Gordon","1934",21
"999","Graeme","1934",NA
"1000","Graham","1934",50
"1001","Gregory","1934",NA
"1002","Guy","1934",NA
"1003","Harley","1934",NA
"1004","Harold","1934",48
"1005","Harrison","1934",NA
"1006","Harry","1934",51
"1007","Harvey","1934",NA
"1008","Hector","1934",NA
"1009","Henry","1934",45
"1010","Herbert","1934",73
"1011","Horace","1934",NA
"1012","Howard","1934",NA
"1013","Hubert","1934",NA
"1014","Hugh","1934",81
"1015","Hugo","1934",NA
"1016","Iain","1934",NA
"1017","Ian","1934",55
"1018","Ibrahim","1934",NA
"1019","Isaac","1934",NA
"1020","Ivan","1934",91
"1021","Ivor","1934",87
"1022","Jack","1934",52
"1023","Jackson","1934",NA
"1024","Jacob","1934",NA
"1025","Jake","1934",NA
"1026","James","1934",6
"1027","Jamie","1934",NA
"1028","Jason","1934",NA
"1029","Jasper","1934",NA
"1030","Jaxon","1934",NA
"1031","Jay","1934",NA
"1032","Jayden","1934",NA
"1033","Jeffrey","1934",86
"1034","Jenson","1934",NA
"1035","Jeremy","1934",NA
"1036","Jesse","1934",NA
"1037","Joe","1934",NA
"1038","Joel","1934",NA
"1039","John","1934",1
"1040","Jonathan","1934",NA
"1041","Jordan","1934",NA
"1042","Joseph","1934",23
"1043","Josh","1934",NA
"1044","Joshua","1934",NA
"1045","Jude","1934",NA
"1046","Julian","1934",NA
"1047","Justin","1934",NA
"1048","Kai","1934",NA
"1049","Karl","1934",NA
"1050","Keith","1934",36
"1051","Kenneth","1934",9
"1052","Kevin","1934",NA
"1053","Kian","1934",NA
"1054","Kieran","1934",NA
"1055","Kyle","1934",NA
"1056","Laurence","1934",NA
"1057","Lawrence","1934",72
"1058","Lee","1934",NA
"1059","Leigh","1934",NA
"1060","Leo","1934",NA
"1061","Leon","1934",NA
"1062","Leonard","1934",37
"1063","Leslie","1934",31
"1064","Lewis","1934",NA
"1065","Liam","1934",NA
"1066","Lionel","1934",NA
"1067","Logan","1934",NA
"1068","Louie","1934",NA
"1069","Louis","1934",NA
"1070","Luca","1934",NA
"1071","Lucas","1934",NA
"1072","Luke","1934",NA
"1073","Malcolm","1934",46
"1074","Marc","1934",NA
"1075","Marcus","1934",NA
"1076","Mark","1934",NA
"1077","Martin","1934",80
"1078","Martyn","1934",NA
"1079","Mason","1934",NA
"1080","Mathew","1934",NA
"1081","Matthew","1934",NA
"1082","Maurice","1934",43
"1083","Max","1934",NA
"1084","Melvyn","1934",NA
"1085","Michael","1934",7
"1086","Mitchell","1934",NA
"1087","Mohamed","1934",NA
"1088","Mohammad","1934",NA
"1089","Mohammed","1934",68
"1090","Morgan","1934",NA
"1091","Morris","1934",NA
"1092","Muhammad","1934",NA
"1093","Nathan","1934",NA
"1094","Neil","1934",95
"1095","Neville","1934",83
"1096","Nicholas","1934",NA
"1097","Nigel","1934",NA
"1098","Noah","1934",NA
"1099","Noel","1934",96
"1100","Norman","1934",30
"1101","Oliver","1934",NA
"1102","Ollie","1934",NA
"1103","Oscar","1934",NA
"1104","Owen","1934",NA
"1105","Patrick","1934",32
"1106","Paul","1934",63
"1107","Percival","1934",NA
"1108","Percy","1934",NA
"1109","Peter","1934",2
"1110","Philip","1934",56
"1111","Phillip","1934",NA
"1112","Ralph","1934",76
"1113","Raymond","1934",15
"1114","Reece","1934",NA
"1115","Reggie","1934",NA
"1116","Reginald","1934",41
"1117","Reuben","1934",NA
"1118","Rhys","1934",NA
"1119","Richard","1934",28
"1120","Ricky","1934",NA
"1121","Riley","1934",NA
"1122","Robert","1934",11
"1123","Robin","1934",82
"1124","Rodney","1934",99
"1125","Roger","1934",67
"1126","Roland","1934",NA
"1127","Roman","1934",NA
"1128","Ronald","1934",8
"1129","Ronnie","1934",NA
"1130","Rory","1934",NA
"1131","Ross","1934",NA
"1132","Roy","1934",17
"1133","Royston","1934",93
"1134","Russell","1934",NA
"1135","Ryan","1934",NA
"1136","Sam","1934",NA
"1137","Samuel","1934",75
"1138","Scott","1934",NA
"1139","Sean","1934",NA
"1140","Sebastian","1934",NA
"1141","Shane","1934",NA
"1142","Shaun","1934",NA
"1143","Sidney","1934",69
"1144","Simon","1934",NA
"1145","Stanley","1934",39
"1146","Stephen","1934",84
"1147","Steven","1934",NA
"1148","Stewart","1934",NA
"1149","Stuart","1934",NA
"1150","Sydney","1934",90
"1151","Taylor","1934",NA
"1152","Teddy","1934",NA
"1153","Terence","1934",22
"1154","Terry","1934",NA
"1155","Theo","1934",NA
"1156","Theodore","1934",NA
"1157","Thomas","1934",12
"1158","Timothy","1934",NA
"1159","Toby","1934",NA
"1160","Tom","1934",NA
"1161","Tommy","1934",NA
"1162","Tony","1934",NA
"1163","Trevor","1934",59
"1164","Tyler","1934",NA
"1165","Victor","1934",62
"1166","Vincent","1934",85
"1167","Walter","1934",54
"1168","Wayne","1934",NA
"1169","Wilfred","1934",89
"1170","William","1934",3
"1171","Zachary","1934",NA
"1172","Zak","1934",NA
"1173","Aaron","1944",NA
"1174","Abdul","1944",NA
"1175","Adam","1944",NA
"1176","Adrian","1944",74
"1177","Aidan","1944",NA
"1178","Alan","1944",8
"1179","Albert","1944",61
"1180","Albie","1944",NA
"1181","Alec","1944",NA
"1182","Alex","1944",NA
"1183","Alexander","1944",66
"1184","Alfie","1944",NA
"1185","Alfred","1944",73
"1186","Allan","1944",58
"1187","Andrew","1944",45
"1188","Anthony","1944",6
"1189","Antony","1944",NA
"1190","Archibald","1944",NA
"1191","Archie","1944",NA
"1192","Arlo","1944",NA
"1193","Arnold","1944",NA
"1194","Arthur","1944",47
"1195","Ashley","1944",NA
"1196","Austin","1944",NA
"1197","Bailey","1944",NA
"1198","Barrie","1944",70
"1199","Barry","1944",20
"1200","Basil","1944",NA
"1201","Ben","1944",NA
"1202","Benjamin","1944",NA
"1203","Bernard","1944",37
"1204","Bertie","1944",NA
"1205","Bertram","1944",NA
"1206","Billy","1944",NA
"1207","Blake","1944",NA
"1208","Bobby","1944",NA
"1209","Bradley","1944",NA
"1210","Brandon","1944",NA
"1211","Brett","1944",NA
"1212","Brian","1944",7
"1213","Bruce","1944",92
"1214","Bryan","1944",79
"1215","Caleb","1944",NA
"1216","Callum","1944",NA
"1217","Cameron","1944",NA
"1218","Carl","1944",NA
"1219","Carter","1944",NA
"1220","Cecil","1944",NA
"1221","Charles","1944",38
"1222","Charlie","1944",NA
"1223","Christian","1944",NA
"1224","Christopher","1944",16
"1225","Clarence","1944",NA
"1226","Claude","1944",NA
"1227","Clifford","1944",68
"1228","Clive","1944",50
"1229","Colin","1944",15
"1230","Connor","1944",NA
"1231","Conor","1944",NA
"1232","Corey","1944",NA
"1233","Craig","1944",NA
"1234","Cyril","1944",98
"1235","Dale","1944",NA
"1236","Damian","1944",NA
"1237","Damien","1944",NA
"1238","Daniel","1944",82
"1239","Danny","1944",NA
"1240","Darren","1944",NA
"1241","David","1944",2
"1242","Dean","1944",NA
"1243","Declan","1944",NA
"1244","Denis","1944",85
"1245","Dennis","1944",34
"1246","Derek","1944",27
"1247","Derrick","1944",NA
"1248","Desmond","1944",NA
"1249","Dexter","1944",NA
"1250","Dominic","1944",NA
"1251","Donald","1944",53
"1252","Douglas","1944",52
"1253","Duncan","1944",NA
"1254","Dylan","1944",NA
"1255","Edgar","1944",NA
"1256","Edmund","1944",NA
"1257","Edward","1944",29
"1258","Edwin","1944",89
"1259","Elijah","1944",NA
"1260","Elliot","1944",NA
"1261","Elliott","1944",NA
"1262","Ellis","1944",NA
"1263","Eric","1944",39
"1264","Ernest","1944",72
"1265","Ethan","1944",NA
"1266","Evan","1944",NA
"1267","Ewan","1944",NA
"1268","Ezra","1944",NA
"1269","Felix","1944",NA
"1270","Finlay","1944",NA
"1271","Finley","1944",NA
"1272","Finn","1944",NA
"1273","Francis","1944",54
"1274","Frank","1944",46
"1275","Frankie","1944",NA
"1276","Fred","1944",NA
"1277","Freddie","1944",NA
"1278","Frederick","1944",42
"1279","Gabriel","1944",NA
"1280","Gareth","1944",NA
"1281","Garry","1944",NA
"1282","Gary","1944",95
"1283","Gavin","1944",NA
"1284","Geoffrey","1944",25
"1285","George","1944",21
"1286","Gerald","1944",49
"1287","Gerard","1944",NA
"1288","Gilbert","1944",NA
"1289","Glen","1944",NA
"1290","Glenn","1944",NA
"1291","Gordon","1944",44
"1292","Graeme","1944",NA
"1293","Graham","1944",22
"1294","Gregory","1944",NA
"1295","Guy","1944",NA
"1296","Harley","1944",NA
"1297","Harold","1944",75
"1298","Harrison","1944",NA
"1299","Harry","1944",65
"1300","Harvey","1944",NA
"1301","Hector","1944",NA
"1302","Henry","1944",63
"1303","Herbert","1944",NA
"1304","Horace","1944",NA
"1305","Howard","1944",64
"1306","Hubert","1944",NA
"1307","Hugh","1944",84
"1308","Hugo","1944",NA
"1309","Iain","1944",NA
"1310","Ian","1944",23
"1311","Ibrahim","1944",NA
"1312","Isaac","1944",NA
"1313","Ivan","1944",91
"1314","Ivor","1944",NA
"1315","Jack","1944",81
"1316","Jackson","1944",NA
"1317","Jacob","1944",NA
"1318","Jake","1944",NA
"1319","James","1944",10
"1320","Jamie","1944",NA
"1321","Jason","1944",NA
"1322","Jasper","1944",NA
"1323","Jaxon","1944",NA
"1324","Jay","1944",NA
"1325","Jayden","1944",NA
"1326","Jeffrey","1944",51
"1327","Jenson","1944",NA
"1328","Jeremy","1944",NA
"1329","Jesse","1944",NA
"1330","Joe","1944",NA
"1331","Joel","1944",NA
"1332","John","1944",1
"1333","Jonathan","1944",NA
"1334","Jordan","1944",NA
"1335","Joseph","1944",36
"1336","Josh","1944",NA
"1337","Joshua","1944",NA
"1338","Jude","1944",NA
"1339","Julian","1944",NA
"1340","Justin","1944",NA
"1341","Kai","1944",NA
"1342","Karl","1944",NA
"1343","Keith","1944",14
"1344","Kenneth","1944",12
"1345","Kevin","1944",67
"1346","Kian","1944",NA
"1347","Kieran","1944",NA
"1348","Kyle","1944",NA
"1349","Laurence","1944",NA
"1350","Lawrence","1944",83
"1351","Lee","1944",NA
"1352","Leigh","1944",NA
"1353","Leo","1944",NA
"1354","Leon","1944",NA
"1355","Leonard","1944",59
"1356","Leslie","1944",35
"1357","Lewis","1944",NA
"1358","Liam","1944",NA
"1359","Lionel","1944",NA
"1360","Logan","1944",NA
"1361","Louie","1944",NA
"1362","Louis","1944",NA
"1363","Luca","1944",NA
"1364","Lucas","1944",NA
"1365","Luke","1944",NA
"1366","Malcolm","1944",24
"1367","Marc","1944",NA
"1368","Marcus","1944",NA
"1369","Mark","1944",NA
"1370","Martin","1944",41
"1371","Martyn","1944",NA
"1372","Mason","1944",NA
"1373","Mathew","1944",NA
"1374","Matthew","1944",NA
"1375","Maurice","1944",62
"1376","Max","1944",NA
"1377","Melvyn","1944",78
"1378","Michael","1944",3
"1379","Mitchell","1944",NA
"1380","Mohamed","1944",NA
"1381","Mohammad","1944",NA
"1382","Mohammed","1944",87
"1383","Morgan","1944",NA
"1384","Morris","1944",NA
"1385","Muhammad","1944",NA
"1386","Nathan","1944",NA
"1387","Neil","1944",80
"1388","Neville","1944",NA
"1389","Nicholas","1944",76
"1390","Nigel","1944",69
"1391","Noah","1944",NA
"1392","Noel","1944",NA
"1393","Norman","1944",43
"1394","Oliver","1944",NA
"1395","Ollie","1944",NA
"1396","Oscar","1944",NA
"1397","Owen","1944",NA
"1398","Patrick","1944",31
"1399","Paul","1944",28
"1400","Percival","1944",NA
"1401","Percy","1944",NA
"1402","Peter","1944",4
"1403","Philip","1944",32
"1404","Phillip","1944",93
"1405","Ralph","1944",90
"1406","Raymond","1944",17
"1407","Reece","1944",NA
"1408","Reggie","1944",NA
"1409","Reginald","1944",71
"1410","Reuben","1944",NA
"1411","Rhys","1944",NA
"1412","Richard","1944",11
"1413","Ricky","1944",NA
"1414","Riley","1944",NA
"1415","Robert","1944",5
"1416","Robin","1944",57
"1417","Rodney","1944",48
"1418","Roger","1944",13
"1419","Roland","1944",NA
"1420","Roman","1944",NA
"1421","Ronald","1944",26
"1422","Ronnie","1944",NA
"1423","Rory","1944",NA
"1424","Ross","1944",NA
"1425","Roy","1944",30
"1426","Royston","1944",100
"1427","Russell","1944",NA
"1428","Ryan","1944",NA
"1429","Sam","1944",NA
"1430","Samuel","1944",97
"1431","Scott","1944",NA
"1432","Sean","1944",NA
"1433","Sebastian","1944",NA
"1434","Shane","1944",NA
"1435","Shaun","1944",NA
"1436","Sidney","1944",99
"1437","Simon","1944",NA
"1438","Stanley","1944",60
"1439","Stephen","1944",40
"1440","Steven","1944",NA
"1441","Stewart","1944",NA
"1442","Stuart","1944",55
"1443","Sydney","1944",NA
"1444","Taylor","1944",NA
"1445","Teddy","1944",NA
"1446","Terence","1944",18
"1447","Terry","1944",88
"1448","Theo","1944",NA
"1449","Theodore","1944",NA
"1450","Thomas","1944",19
"1451","Timothy","1944",77
"1452","Toby","1944",NA
"1453","Tom","1944",NA
"1454","Tommy","1944",NA
"1455","Tony","1944",96
"1456","Trevor","1944",33
"1457","Tyler","1944",NA
"1458","Victor","1944",56
"1459","Vincent","1944",94
"1460","Walter","1944",86
"1461","Wayne","1944",NA
"1462","Wilfred","1944",NA
"1463","William","1944",9
"1464","Zachary","1944",NA
"1465","Zak","1944",NA
"1466","Aaron","1954",NA
"1467","Abdul","1954",74
"1468","Adam","1954",NA
"1469","Adrian","1954",54
"1470","Aidan","1954",NA
"1471","Alan","1954",8
"1472","Albert","1954",93
"1473","Albie","1954",NA
"1474","Alec","1954",NA
"1475","Alex","1954",NA
"1476","Alexander","1954",71
"1477","Alfie","1954",NA
"1478","Alfred","1954",NA
"1479","Allan","1954",58
"1480","Andrew","1954",12
"1481","Anthony","1954",11
"1482","Antony","1954",99
"1483","Archibald","1954",NA
"1484","Archie","1954",NA
"1485","Arlo","1954",NA
"1486","Arnold","1954",NA
"1487","Arthur","1954",72
"1488","Ashley","1954",NA
"1489","Austin","1954",NA
"1490","Bailey","1954",NA
"1491","Barrie","1954",NA
"1492","Barry","1954",33
"1493","Basil","1954",NA
"1494","Ben","1954",NA
"1495","Benjamin","1954",NA
"1496","Bernard","1954",63
"1497","Bertie","1954",NA
"1498","Bertram","1954",NA
"1499","Billy","1954",NA
"1500","Blake","1954",NA
"1501","Bobby","1954",NA
"1502","Bradley","1954",NA
"1503","Brandon","1954",NA
"1504","Brett","1954",NA
"1505","Brian","1954",17
"1506","Bruce","1954",NA
"1507","Bryan","1954",80
"1508","Caleb","1954",NA
"1509","Callum","1954",NA
"1510","Cameron","1954",NA
"1511","Carl","1954",NA
"1512","Carter","1954",NA
"1513","Cecil","1954",NA
"1514","Charles","1954",38
"1515","Charlie","1954",NA
"1516","Christian","1954",NA
"1517","Christopher","1954",9
"1518","Clarence","1954",NA
"1519","Claude","1954",NA
"1520","Clifford","1954",81
"1521","Clive","1954",44
"1522","Colin","1954",22
"1523","Connor","1954",NA
"1524","Conor","1954",NA
"1525","Corey","1954",NA
"1526","Craig","1954",NA
"1527","Cyril","1954",NA
"1528","Dale","1954",NA
"1529","Damian","1954",NA
"1530","Damien","1954",NA
"1531","Daniel","1954",73
"1532","Danny","1954",NA
"1533","Darren","1954",NA
"1534","David","1954",1
"1535","Dean","1954",NA
"1536","Declan","1954",NA
"1537","Denis","1954",97
"1538","Dennis","1954",55
"1539","Derek","1954",37
"1540","Derrick","1954",NA
"1541","Desmond","1954",NA
"1542","Dexter","1954",NA
"1543","Dominic","1954",NA
"1544","Donald","1954",64
"1545","Douglas","1954",69
"1546","Duncan","1954",NA
"1547","Dylan","1954",NA
"1548","Edgar","1954",NA
"1549","Edmund","1954",NA
"1550","Edward","1954",45
"1551","Edwin","1954",NA
"1552","Elijah","1954",NA
"1553","Elliot","1954",NA
"1554","Elliott","1954",NA
"1555","Ellis","1954",NA
"1556","Eric","1954",62
"1557","Ernest","1954",NA
"1558","Ethan","1954",NA
"1559","Evan","1954",NA
"1560","Ewan","1954",NA
"1561","Ezra","1954",NA
"1562","Felix","1954",NA
"1563","Finlay","1954",NA
"1564","Finley","1954",NA
"1565","Finn","1954",NA
"1566","Francis","1954",61
"1567","Frank","1954",65
"1568","Frankie","1954",NA
"1569","Fred","1954",NA
"1570","Freddie","1954",NA
"1571","Frederick","1954",67
"1572","Gabriel","1954",NA
"1573","Gareth","1954",85
"1574","Garry","1954",82
"1575","Gary","1954",34
"1576","Gavin","1954",NA
"1577","Geoffrey","1954",28
"1578","George","1954",35
"1579","Gerald","1954",60
"1580","Gerard","1954",78
"1581","Gilbert","1954",NA
"1582","Glen","1954",NA
"1583","Glenn","1954",98
"1584","Gordon","1954",51
"1585","Graeme","1954",NA
"1586","Graham","1954",19
"1587","Gregory","1954",94
"1588","Guy","1954",NA
"1589","Harley","1954",NA
"1590","Harold","1954",NA
"1591","Harrison","1954",NA
"1592","Harry","1954",100
"1593","Harvey","1954",NA
"1594","Hector","1954",NA
"1595","Henry","1954",83
"1596","Herbert","1954",NA
"1597","Horace","1954",NA
"1598","Howard","1954",68
"1599","Hubert","1954",NA
"1600","Hugh","1954",89
"1601","Hugo","1954",NA
"1602","Iain","1954",NA
"1603","Ian","1954",13
"1604","Ibrahim","1954",NA
"1605","Isaac","1954",NA
"1606","Ivan","1954",NA
"1607","Ivor","1954",NA
"1608","Jack","1954",NA
"1609","Jackson","1954",NA
"1610","Jacob","1954",NA
"1611","Jake","1954",NA
"1612","James","1954",14
"1613","Jamie","1954",NA
"1614","Jason","1954",NA
"1615","Jasper","1954",NA
"1616","Jaxon","1954",NA
"1617","Jay","1954",NA
"1618","Jayden","1954",NA
"1619","Jeffrey","1954",48
"1620","Jenson","1954",NA
"1621","Jeremy","1954",70
"1622","Jesse","1954",NA
"1623","Joe","1954",NA
"1624","Joel","1954",NA
"1625","John","1954",2
"1626","Jonathan","1954",52
"1627","Jordan","1954",NA
"1628","Joseph","1954",47
"1629","Josh","1954",NA
"1630","Joshua","1954",NA
"1631","Jude","1954",NA
"1632","Julian","1954",96
"1633","Justin","1954",NA
"1634","Kai","1954",NA
"1635","Karl","1954",NA
"1636","Keith","1954",18
"1637","Kenneth","1954",25
"1638","Kevin","1954",20
"1639","Kian","1954",NA
"1640","Kieran","1954",NA
"1641","Kyle","1954",NA
"1642","Laurence","1954",NA
"1643","Lawrence","1954",77
"1644","Lee","1954",NA
"1645","Leigh","1954",NA
"1646","Leo","1954",NA
"1647","Leon","1954",NA
"1648","Leonard","1954",76
"1649","Leslie","1954",42
"1650","Lewis","1954",NA
"1651","Liam","1954",NA
"1652","Lionel","1954",NA
"1653","Logan","1954",NA
"1654","Louie","1954",NA
"1655","Louis","1954",NA
"1656","Luca","1954",NA
"1657","Lucas","1954",NA
"1658","Luke","1954",NA
"1659","Malcolm","1954",31
"1660","Marc","1954",NA
"1661","Marcus","1954",NA
"1662","Mark","1954",32
"1663","Martin","1954",21
"1664","Martyn","1954",75
"1665","Mason","1954",NA
"1666","Mathew","1954",NA
"1667","Matthew","1954",NA
"1668","Maurice","1954",95
"1669","Max","1954",NA
"1670","Melvyn","1954",NA
"1671","Michael","1954",4
"1672","Mitchell","1954",NA
"1673","Mohamed","1954",90
"1674","Mohammad","1954",84
"1675","Mohammed","1954",56
"1676","Morgan","1954",NA
"1677","Morris","1954",NA
"1678","Muhammad","1954",NA
"1679","Nathan","1954",NA
"1680","Neil","1954",46
"1681","Neville","1954",NA
"1682","Nicholas","1954",36
"1683","Nigel","1954",27
"1684","Noah","1954",NA
"1685","Noel","1954",NA
"1686","Norman","1954",66
"1687","Oliver","1954",NA
"1688","Ollie","1954",NA
"1689","Oscar","1954",NA
"1690","Owen","1954",NA
"1691","Patrick","1954",39
"1692","Paul","1954",7
"1693","Percival","1954",NA
"1694","Percy","1954",NA
"1695","Peter","1954",5
"1696","Philip","1954",16
"1697","Phillip","1954",57
"1698","Ralph","1954",NA
"1699","Raymond","1954",26
"1700","Reece","1954",NA
"1701","Reggie","1954",NA
"1702","Reginald","1954",NA
"1703","Reuben","1954",NA
"1704","Rhys","1954",NA
"1705","Richard","1954",10
"1706","Ricky","1954",NA
"1707","Riley","1954",NA
"1708","Robert","1954",6
"1709","Robin","1954",59
"1710","Rodney","1954",NA
"1711","Roger","1954",41
"1712","Roland","1954",NA
"1713","Roman","1954",NA
"1714","Ronald","1954",43
"1715","Ronnie","1954",NA
"1716","Rory","1954",NA
"1717","Ross","1954",NA
"1718","Roy","1954",50
"1719","Royston","1954",NA
"1720","Russell","1954",NA
"1721","Ryan","1954",NA
"1722","Sam","1954",NA
"1723","Samuel","1954",NA
"1724","Scott","1954",NA
"1725","Sean","1954",NA
"1726","Sebastian","1954",NA
"1727","Shane","1954",NA
"1728","Shaun","1954",NA
"1729","Sidney","1954",NA
"1730","Simon","1954",53
"1731","Stanley","1954",86
"1732","Stephen","1954",3
"1733","Steven","1954",23
"1734","Stewart","1954",91
"1735","Stuart","1954",49
"1736","Sydney","1954",NA
"1737","Taylor","1954",NA
"1738","Teddy","1954",NA
"1739","Terence","1954",29
"1740","Terry","1954",92
"1741","Theo","1954",NA
"1742","Theodore","1954",NA
"1743","Thomas","1954",24
"1744","Timothy","1954",40
"1745","Toby","1954",NA
"1746","Tom","1954",NA
"1747","Tommy","1954",NA
"1748","Tony","1954",79
"1749","Trevor","1954",30
"1750","Tyler","1954",NA
"1751","Victor","1954",88
"1752","Vincent","1954",87
"1753","Walter","1954",NA
"1754","Wayne","1954",NA
"1755","Wilfred","1954",NA
"1756","William","1954",15
"1757","Zachary","1954",NA
"1758","Zak","1954",NA
"1759","Aaron","1964",NA
"1760","Abdul","1964",NA
"1761","Adam","1964",68
"1762","Adrian","1964",30
"1763","Aidan","1964",NA
"1764","Alan","1964",21
"1765","Albert","1964",NA
"1766","Albie","1964",NA
"1767","Alec","1964",NA
"1768","Alex","1964",NA
"1769","Alexander","1964",77
"1770","Alfie","1964",NA
"1771","Alfred","1964",NA
"1772","Allan","1964",89
"1773","Andrew","1964",3
"1774","Anthony","1964",14
"1775","Antony","1964",46
"1776","Archibald","1964",NA
"1777","Archie","1964",NA
"1778","Arlo","1964",NA
"1779","Arnold","1964",NA
"1780","Arthur","1964",NA
"1781","Ashley","1964",NA
"1782","Austin","1964",NA
"1783","Bailey","1964",NA
"1784","Barrie","1964",NA
"1785","Barry","1964",42
"1786","Basil","1964",NA
"1787","Ben","1964",NA
"1788","Benjamin","1964",NA
"1789","Bernard","1964",NA
"1790","Bertie","1964",NA
"1791","Bertram","1964",NA
"1792","Billy","1964",NA
"1793","Blake","1964",NA
"1794","Bobby","1964",NA
"1795","Bradley","1964",NA
"1796","Brandon","1964",NA
"1797","Brett","1964",NA
"1798","Brian","1964",31
"1799","Bruce","1964",98
"1800","Bryan","1964",NA
"1801","Caleb","1964",NA
"1802","Callum","1964",NA
"1803","Cameron","1964",NA
"1804","Carl","1964",37
"1805","Carter","1964",NA
"1806","Cecil","1964",NA
"1807","Charles","1964",56
"1808","Charlie","1964",NA
"1809","Christian","1964",NA
"1810","Christopher","1964",11
"1811","Clarence","1964",NA
"1812","Claude","1964",NA
"1813","Clifford","1964",NA
"1814","Clive","1964",58
"1815","Colin","1964",25
"1816","Connor","1964",NA
"1817","Conor","1964",NA
"1818","Corey","1964",NA
"1819","Craig","1964",60
"1820","Cyril","1964",NA
"1821","Dale","1964",NA
"1822","Damian","1964",NA
"1823","Damien","1964",NA
"1824","Daniel","1964",53
"1825","Danny","1964",NA
"1826","Darren","1964",66
"1827","David","1964",1
"1828","Dean","1964",44
"1829","Declan","1964",NA
"1830","Denis","1964",NA
"1831","Dennis","1964",96
"1832","Derek","1964",43
"1833","Derrick","1964",NA
"1834","Desmond","1964",NA
"1835","Dexter","1964",NA
"1836","Dominic","1964",100
"1837","Donald","1964",99
"1838","Douglas","1964",81
"1839","Duncan","1964",75
"1840","Dylan","1964",NA
"1841","Edgar","1964",NA
"1842","Edmund","1964",NA
"1843","Edward","1964",49
"1844","Edwin","1964",NA
"1845","Elijah","1964",NA
"1846","Elliot","1964",NA
"1847","Elliott","1964",NA
"1848","Ellis","1964",NA
"1849","Eric","1964",88
"1850","Ernest","1964",NA
"1851","Ethan","1964",NA
"1852","Evan","1964",NA
"1853","Ewan","1964",NA
"1854","Ezra","1964",NA
"1855","Felix","1964",NA
"1856","Finlay","1964",NA
"1857","Finley","1964",NA
"1858","Finn","1964",NA
"1859","Francis","1964",82
"1860","Frank","1964",NA
"1861","Frankie","1964",NA
"1862","Fred","1964",NA
"1863","Freddie","1964",NA
"1864","Frederick","1964",NA
"1865","Gabriel","1964",NA
"1866","Gareth","1964",79
"1867","Garry","1964",70
"1868","Gary","1964",16
"1869","Gavin","1964",97
"1870","Geoffrey","1964",63
"1871","George","1964",54
"1872","Gerald","1964",91
"1873","Gerard","1964",90
"1874","Gilbert","1964",NA
"1875","Glen","1964",NA
"1876","Glenn","1964",95
"1877","Gordon","1964",74
"1878","Graeme","1964",84
"1879","Graham","1964",26
"1880","Gregory","1964",78
"1881","Guy","1964",85
"1882","Harley","1964",NA
"1883","Harold","1964",NA
"1884","Harrison","1964",NA
"1885","Harry","1964",NA
"1886","Harvey","1964",NA
"1887","Hector","1964",NA
"1888","Henry","1964",NA
"1889","Herbert","1964",NA
"1890","Horace","1964",NA
"1891","Howard","1964",92
"1892","Hubert","1964",NA
"1893","Hugh","1964",NA
"1894","Hugo","1964",NA
"1895","Iain","1964",94
"1896","Ian","1964",8
"1897","Ibrahim","1964",NA
"1898","Isaac","1964",NA
"1899","Ivan","1964",NA
"1900","Ivor","1964",NA
"1901","Jack","1964",NA
"1902","Jackson","1964",NA
"1903","Jacob","1964",NA
"1904","Jake","1964",NA
"1905","James","1964",19
"1906","Jamie","1964",NA
"1907","Jason","1964",93
"1908","Jasper","1964",NA
"1909","Jaxon","1964",NA
"1910","Jay","1964",NA
"1911","Jayden","1964",NA
"1912","Jeffrey","1964",57
"1913","Jenson","1964",NA
"1914","Jeremy","1964",47
"1915","Jesse","1964",NA
"1916","Joe","1964",NA
"1917","Joel","1964",NA
"1918","John","1964",5
"1919","Jonathan","1964",27
"1920","Jordan","1964",NA
"1921","Joseph","1964",48
"1922","Josh","1964",NA
"1923","Joshua","1964",NA
"1924","Jude","1964",NA
"1925","Julian","1964",62
"1926","Justin","1964",NA
"1927","Kai","1964",NA
"1928","Karl","1964",64
"1929","Keith","1964",33
"1930","Kenneth","1964",41
"1931","Kevin","1964",15
"1932","Kian","1964",NA
"1933","Kieran","1964",NA
"1934","Kyle","1964",NA
"1935","Laurence","1964",NA
"1936","Lawrence","1964",NA
"1937","Lee","1964",50
"1938","Leigh","1964",NA
"1939","Leo","1964",NA
"1940","Leon","1964",NA
"1941","Leonard","1964",NA
"1942","Leslie","1964",76
"1943","Lewis","1964",NA
"1944","Liam","1964",NA
"1945","Lionel","1964",NA
"1946","Logan","1964",NA
"1947","Louie","1964",NA
"1948","Louis","1964",NA
"1949","Luca","1964",NA
"1950","Lucas","1964",NA
"1951","Luke","1964",NA
"1952","Malcolm","1964",65
"1953","Marc","1964",NA
"1954","Marcus","1964",NA
"1955","Mark","1964",4
"1956","Martin","1964",18
"1957","Martyn","1964",87
"1958","Mason","1964",NA
"1959","Mathew","1964",NA
"1960","Matthew","1964",52
"1961","Maurice","1964",NA
"1962","Max","1964",NA
"1963","Melvyn","1964",NA
"1964","Michael","1964",6
"1965","Mitchell","1964",NA
"1966","Mohamed","1964",NA
"1967","Mohammad","1964",NA
"1968","Mohammed","1964",73
"1969","Morgan","1964",NA
"1970","Morris","1964",NA
"1971","Muhammad","1964",NA
"1972","Nathan","1964",NA
"1973","Neil","1964",22
"1974","Neville","1964",NA
"1975","Nicholas","1964",28
"1976","Nigel","1964",23
"1977","Noah","1964",NA
"1978","Noel","1964",NA
"1979","Norman","1964",NA
"1980","Oliver","1964",NA
"1981","Ollie","1964",NA
"1982","Oscar","1964",NA
"1983","Owen","1964",NA
"1984","Patrick","1964",35
"1985","Paul","1964",2
"1986","Percival","1964",NA
"1987","Percy","1964",NA
"1988","Peter","1964",12
"1989","Philip","1964",20
"1990","Phillip","1964",59
"1991","Ralph","1964",NA
"1992","Raymond","1964",45
"1993","Reece","1964",NA
"1994","Reggie","1964",NA
"1995","Reginald","1964",NA
"1996","Reuben","1964",NA
"1997","Rhys","1964",NA
"1998","Richard","1964",10
"1999","Ricky","1964",NA
"2000","Riley","1964",NA
"2001","Robert","1964",9
"2002","Robin","1964",69
"2003","Rodney","1964",NA
"2004","Roger","1964",61
"2005","Roland","1964",NA
"2006","Roman","1964",NA
"2007","Ronald","1964",80
"2008","Ronnie","1964",NA
"2009","Rory","1964",NA
"2010","Ross","1964",NA
"2011","Roy","1964",71
"2012","Royston","1964",NA
"2013","Russell","1964",55
"2014","Ryan","1964",NA
"2015","Sam","1964",NA
"2016","Samuel","1964",NA
"2017","Scott","1964",NA
"2018","Sean","1964",36
"2019","Sebastian","1964",NA
"2020","Shane","1964",NA
"2021","Shaun","1964",40
"2022","Sidney","1964",NA
"2023","Simon","1964",13
"2024","Stanley","1964",NA
"2025","Stephen","1964",7
"2026","Steven","1964",17
"2027","Stewart","1964",83
"2028","Stuart","1964",32
"2029","Sydney","1964",NA
"2030","Taylor","1964",NA
"2031","Teddy","1964",NA
"2032","Terence","1964",51
"2033","Terry","1964",86
"2034","Theo","1964",NA
"2035","Theodore","1964",NA
"2036","Thomas","1964",34
"2037","Timothy","1964",24
"2038","Toby","1964",NA
"2039","Tom","1964",NA
"2040","Tommy","1964",NA
"2041","Tony","1964",67
"2042","Trevor","1964",38
"2043","Tyler","1964",NA
"2044","Victor","1964",NA
"2045","Vincent","1964",72
"2046","Walter","1964",NA
"2047","Wayne","1964",39
"2048","Wilfred","1964",NA
"2049","William","1964",29
"2050","Zachary","1964",NA
"2051","Zak","1964",NA
"2052","Aaron","1974",NA
"2053","Abdul","1974",86
"2054","Adam","1974",35
"2055","Adrian","1974",38
"2056","Aidan","1974",NA
"2057","Alan","1974",36
"2058","Albert","1974",NA
"2059","Albie","1974",NA
"2060","Alec","1974",NA
"2061","Alex","1974",NA
"2062","Alexander","1974",43
"2063","Alfie","1974",NA
"2064","Alfred","1974",NA
"2065","Allan","1974",NA
"2066","Andrew","1974",4
"2067","Anthony","1974",25
"2068","Antony","1974",74
"2069","Archibald","1974",NA
"2070","Archie","1974",NA
"2071","Arlo","1974",NA
"2072","Arnold","1974",NA
"2073","Arthur","1974",NA
"2074","Ashley","1974",NA
"2075","Austin","1974",NA
"2076","Bailey","1974",NA
"2077","Barrie","1974",NA
"2078","Barry","1974",48
"2079","Basil","1974",NA
"2080","Ben","1974",NA
"2081","Benjamin","1974",34
"2082","Bernard","1974",NA
"2083","Bertie","1974",NA
"2084","Bertram","1974",NA
"2085","Billy","1974",NA
"2086","Blake","1974",NA
"2087","Bobby","1974",NA
"2088","Bradley","1974",NA
"2089","Brandon","1974",NA
"2090","Brett","1974",92
"2091","Brian","1974",51
"2092","Bruce","1974",NA
"2093","Bryan","1974",NA
"2094","Caleb","1974",NA
"2095","Callum","1974",NA
"2096","Cameron","1974",NA
"2097","Carl","1974",39
"2098","Carter","1974",NA
"2099","Cecil","1974",NA
"2100","Charles","1974",70
"2101","Charlie","1974",NA
"2102","Christian","1974",49
"2103","Christopher","1974",6
"2104","Clarence","1974",NA
"2105","Claude","1974",NA
"2106","Clifford","1974",NA
"2107","Clive","1974",NA
"2108","Colin","1974",44
"2109","Connor","1974",NA
"2110","Conor","1974",NA
"2111","Corey","1974",NA
"2112","Craig","1974",28
"2113","Cyril","1974",NA
"2114","Dale","1974",NA
"2115","Damian","1974",64
"2116","Damien","1974",NA
"2117","Daniel","1974",16
"2118","Danny","1974",NA
"2119","Darren","1974",15
"2120","David","1974",3
"2121","Dean","1974",37
"2122","Declan","1974",NA
"2123","Denis","1974",NA
"2124","Dennis","1974",NA
"2125","Derek","1974",100
"2126","Derrick","1974",NA
"2127","Desmond","1974",NA
"2128","Dexter","1974",NA
"2129","Dominic","1974",69
"2130","Donald","1974",NA
"2131","Douglas","1974",NA
"2132","Duncan","1974",66
"2133","Dylan","1974",NA
"2134","Edgar","1974",NA
"2135","Edmund","1974",NA
"2136","Edward","1974",52
"2137","Edwin","1974",NA
"2138","Elijah","1974",NA
"2139","Elliot","1974",NA
"2140","Elliott","1974",NA
"2141","Ellis","1974",NA
"2142","Eric","1974",NA
"2143","Ernest","1974",NA
"2144","Ethan","1974",NA
"2145","Evan","1974",NA
"2146","Ewan","1974",NA
"2147","Ezra","1974",NA
"2148","Felix","1974",NA
"2149","Finlay","1974",NA
"2150","Finley","1974",NA
"2151","Finn","1974",NA
"2152","Francis","1974",NA
"2153","Frank","1974",NA
"2154","Frankie","1974",NA
"2155","Fred","1974",NA
"2156","Freddie","1974",NA
"2157","Frederick","1974",NA
"2158","Gabriel","1974",NA
"2159","Gareth","1974",46
"2160","Garry","1974",90
"2161","Gary","1974",30
"2162","Gavin","1974",72
"2163","Geoffrey","1974",NA
"2164","George","1974",83
"2165","Gerald","1974",NA
"2166","Gerard","1974",NA
"2167","Gilbert","1974",NA
"2168","Glen","1974",77
"2169","Glenn","1974",97
"2170","Gordon","1974",NA
"2171","Graeme","1974",NA
"2172","Graham","1974",42
"2173","Gregory","1974",81
"2174","Guy","1974",NA
"2175","Harley","1974",NA
"2176","Harold","1974",NA
"2177","Harrison","1974",NA
"2178","Harry","1974",NA
"2179","Harvey","1974",NA
"2180","Hector","1974",NA
"2181","Henry","1974",NA
"2182","Herbert","1974",NA
"2183","Horace","1974",NA
"2184","Howard","1974",NA
"2185","Hubert","1974",NA
"2186","Hugh","1974",NA
"2187","Hugo","1974",NA
"2188","Iain","1974",78
"2189","Ian","1974",21
"2190","Ibrahim","1974",NA
"2191","Isaac","1974",NA
"2192","Ivan","1974",NA
"2193","Ivor","1974",NA
"2194","Jack","1974",NA
"2195","Jackson","1974",NA
"2196","Jacob","1974",NA
"2197","Jake","1974",NA
"2198","James","1974",7
"2199","Jamie","1974",45
"2200","Jason","1974",18
"2201","Jasper","1974",NA
"2202","Jaxon","1974",NA
"2203","Jay","1974",NA
"2204","Jayden","1974",NA
"2205","Jeffrey","1974",NA
"2206","Jenson","1974",NA
"2207","Jeremy","1974",62
"2208","Jesse","1974",NA
"2209","Joe","1974",NA
"2210","Joel","1974",NA
"2211","John","1974",13
"2212","Jonathan","1974",20
"2213","Jordan","1974",NA
"2214","Joseph","1974",59
"2215","Josh","1974",NA
"2216","Joshua","1974",NA
"2217","Jude","1974",NA
"2218","Julian","1974",68
"2219","Justin","1974",47
"2220","Kai","1974",NA
"2221","Karl","1974",50
"2222","Keith","1974",53
"2223","Kenneth","1974",94
"2224","Kevin","1974",27
"2225","Kian","1974",NA
"2226","Kieran","1974",NA
"2227","Kyle","1974",NA
"2228","Laurence","1974",NA
"2229","Lawrence","1974",NA
"2230","Lee","1974",12
"2231","Leigh","1974",98
"2232","Leo","1974",NA
"2233","Leon","1974",91
"2234","Leonard","1974",NA
"2235","Leslie","1974",NA
"2236","Lewis","1974",NA
"2237","Liam","1974",NA
"2238","Lionel","1974",NA
"2239","Logan","1974",NA
"2240","Louie","1974",NA
"2241","Louis","1974",NA
"2242","Luca","1974",NA
"2243","Lucas","1974",NA
"2244","Luke","1974",95
"2245","Malcolm","1974",89
"2246","Marc","1974",54
"2247","Marcus","1974",71
"2248","Mark","1974",2
"2249","Martin","1974",26
"2250","Martyn","1974",80
"2251","Mason","1974",NA
"2252","Mathew","1974",87
"2253","Matthew","1974",10
"2254","Maurice","1974",NA
"2255","Max","1974",NA
"2256","Melvyn","1974",NA
"2257","Michael","1974",9
"2258","Mitchell","1974",NA
"2259","Mohamed","1974",NA
"2260","Mohammad","1974",NA
"2261","Mohammed","1974",61
"2262","Morgan","1974",NA
"2263","Morris","1974",NA
"2264","Muhammad","1974",NA
"2265","Nathan","1974",58
"2266","Neil","1974",22
"2267","Neville","1974",NA
"2268","Nicholas","1974",19
"2269","Nigel","1974",55
"2270","Noah","1974",NA
"2271","Noel","1974",NA
"2272","Norman","1974",NA
"2273","Oliver","1974",84
"2274","Ollie","1974",NA
"2275","Oscar","1974",NA
"2276","Owen","1974",NA
"2277","Patrick","1974",67
"2278","Paul","1974",1
"2279","Percival","1974",NA
"2280","Percy","1974",NA
"2281","Peter","1974",23
"2282","Philip","1974",29
"2283","Phillip","1974",63
"2284","Ralph","1974",NA
"2285","Raymond","1974",85
"2286","Reece","1974",NA
"2287","Reggie","1974",NA
"2288","Reginald","1974",NA
"2289","Reuben","1974",NA
"2290","Rhys","1974",NA
"2291","Richard","1974",5
"2292","Ricky","1974",NA
"2293","Riley","1974",NA
"2294","Robert","1974",14
"2295","Robin","1974",75
"2296","Rodney","1974",NA
"2297","Roger","1974",96
"2298","Roland","1974",NA
"2299","Roman","1974",NA
"2300","Ronald","1974",NA
"2301","Ronnie","1974",NA
"2302","Rory","1974",NA
"2303","Ross","1974",NA
"2304","Roy","1974",NA
"2305","Royston","1974",NA
"2306","Russell","1974",60
"2307","Ryan","1974",79
"2308","Sam","1974",NA
"2309","Samuel","1974",82
"2310","Scott","1974",31
"2311","Sean","1974",56
"2312","Sebastian","1974",NA
"2313","Shane","1974",65
"2314","Shaun","1974",57
"2315","Sidney","1974",NA
"2316","Simon","1974",8
"2317","Stanley","1974",NA
"2318","Stephen","1974",11
"2319","Steven","1974",17
"2320","Stewart","1974",88
"2321","Stuart","1974",24
"2322","Sydney","1974",NA
"2323","Taylor","1974",NA
"2324","Teddy","1974",NA
"2325","Terence","1974",99
"2326","Terry","1974",93
"2327","Theo","1974",NA
"2328","Theodore","1974",NA
"2329","Thomas","1974",40
"2330","Timothy","1974",33
"2331","Toby","1974",NA
"2332","Tom","1974",NA
"2333","Tommy","1974",NA
"2334","Tony","1974",73
"2335","Trevor","1974",76
"2336","Tyler","1974",NA
"2337","Victor","1974",NA
"2338","Vincent","1974",NA
"2339","Walter","1974",NA
"2340","Wayne","1974",32
"2341","Wilfred","1974",NA
"2342","William","1974",41
"2343","Zachary","1974",NA
"2344","Zak","1974",NA
"2345","Aaron","1984",53
"2346","Abdul","1984",96
"2347","Adam","1984",12
"2348","Adrian","1984",63
"2349","Aidan","1984",NA
"2350","Alan","1984",58
"2351","Albert","1984",NA
"2352","Albie","1984",NA
"2353","Alec","1984",NA
"2354","Alex","1984",79
"2355","Alexander","1984",25
"2356","Alfie","1984",NA
"2357","Alfred","1984",NA
"2358","Allan","1984",NA
"2359","Andrew","1984",7
"2360","Anthony","1984",24
"2361","Antony","1984",89
"2362","Archibald","1984",NA
"2363","Archie","1984",NA
"2364","Arlo","1984",NA
"2365","Arnold","1984",NA
"2366","Arthur","1984",NA
"2367","Ashley","1984",49
"2368","Austin","1984",NA
"2369","Bailey","1984",NA
"2370","Barrie","1984",NA
"2371","Barry","1984",81
"2372","Basil","1984",NA
"2373","Ben","1984",45
"2374","Benjamin","1984",16
"2375","Bernard","1984",NA
"2376","Bertie","1984",NA
"2377","Bertram","1984",NA
"2378","Billy","1984",NA
"2379","Blake","1984",NA
"2380","Bobby","1984",NA
"2381","Bradley","1984",92
"2382","Brandon","1984",NA
"2383","Brett","1984",NA
"2384","Brian","1984",87
"2385","Bruce","1984",NA
"2386","Bryan","1984",NA
"2387","Caleb","1984",NA
"2388","Callum","1984",NA
"2389","Cameron","1984",NA
"2390","Carl","1984",44
"2391","Carter","1984",NA
"2392","Cecil","1984",NA
"2393","Charles","1984",69
"2394","Charlie","1984",NA
"2395","Christian","1984",NA
"2396","Christopher","1984",1
"2397","Clarence","1984",NA
"2398","Claude","1984",NA
"2399","Clifford","1984",NA
"2400","Clive","1984",NA
"2401","Colin","1984",67
"2402","Connor","1984",NA
"2403","Conor","1984",NA
"2404","Corey","1984",NA
"2405","Craig","1984",19
"2406","Cyril","1984",NA
"2407","Dale","1984",76
"2408","Damian","1984",NA
"2409","Damien","1984",97
"2410","Daniel","1984",4
"2411","Danny","1984",86
"2412","Darren","1984",33
"2413","David","1984",3
"2414","Dean","1984",39
"2415","Declan","1984",NA
"2416","Denis","1984",NA
"2417","Dennis","1984",NA
"2418","Derek","1984",NA
"2419","Derrick","1984",NA
"2420","Desmond","1984",NA
"2421","Dexter","1984",NA
"2422","Dominic","1984",80
"2423","Donald","1984",NA
"2424","Douglas","1984",NA
"2425","Duncan","1984",NA
"2426","Dylan","1984",NA
"2427","Edgar","1984",NA
"2428","Edmund","1984",NA
"2429","Edward","1984",51
"2430","Edwin","1984",NA
"2431","Elijah","1984",NA
"2432","Elliot","1984",NA
"2433","Elliott","1984",NA
"2434","Ellis","1984",NA
"2435","Eric","1984",NA
"2436","Ernest","1984",NA
"2437","Ethan","1984",NA
"2438","Evan","1984",NA
"2439","Ewan","1984",NA
"2440","Ezra","1984",NA
"2441","Felix","1984",NA
"2442","Finlay","1984",NA
"2443","Finley","1984",NA
"2444","Finn","1984",NA
"2445","Francis","1984",NA
"2446","Frank","1984",NA
"2447","Frankie","1984",NA
"2448","Fred","1984",NA
"2449","Freddie","1984",NA
"2450","Frederick","1984",NA
"2451","Gabriel","1984",NA
"2452","Gareth","1984",35
"2453","Garry","1984",NA
"2454","Gary","1984",26
"2455","Gavin","1984",55
"2456","Geoffrey","1984",NA
"2457","George","1984",71
"2458","Gerald","1984",NA
"2459","Gerard","1984",NA
"2460","Gilbert","1984",NA
"2461","Glen","1984",NA
"2462","Glenn","1984",NA
"2463","Gordon","1984",NA
"2464","Graeme","1984",NA
"2465","Graham","1984",59
"2466","Gregory","1984",85
"2467","Guy","1984",NA
"2468","Harley","1984",NA
"2469","Harold","1984",NA
"2470","Harrison","1984",NA
"2471","Harry","1984",NA
"2472","Harvey","1984",NA
"2473","Hector","1984",NA
"2474","Henry","1984",NA
"2475","Herbert","1984",NA
"2476","Horace","1984",NA
"2477","Howard","1984",NA
"2478","Hubert","1984",NA
"2479","Hugh","1984",NA
"2480","Hugo","1984",NA
"2481","Iain","1984",100
"2482","Ian","1984",27
"2483","Ibrahim","1984",NA
"2484","Isaac","1984",NA
"2485","Ivan","1984",NA
"2486","Ivor","1984",NA
"2487","Jack","1984",74
"2488","Jackson","1984",NA
"2489","Jacob","1984",NA
"2490","Jake","1984",NA
"2491","James","1984",2
"2492","Jamie","1984",30
"2493","Jason","1984",41
"2494","Jasper","1984",NA
"2495","Jaxon","1984",NA
"2496","Jay","1984",NA
"2497","Jayden","1984",NA
"2498","Jeffrey","1984",NA
"2499","Jenson","1984",NA
"2500","Jeremy","1984",NA
"2501","Jesse","1984",NA
"2502","Joe","1984",NA
"2503","Joel","1984",NA
"2504","John","1984",14
"2505","Jonathan","1984",18
"2506","Jordan","1984",93
"2507","Joseph","1984",40
"2508","Josh","1984",NA
"2509","Joshua","1984",78
"2510","Jude","1984",NA
"2511","Julian","1984",NA
"2512","Justin","1984",91
"2513","Kai","1984",NA
"2514","Karl","1984",61
"2515","Keith","1984",88
"2516","Kenneth","1984",NA
"2517","Kevin","1984",37
"2518","Kian","1984",NA
"2519","Kieran","1984",90
"2520","Kyle","1984",NA
"2521","Laurence","1984",NA
"2522","Lawrence","1984",NA
"2523","Lee","1984",15
"2524","Leigh","1984",95
"2525","Leo","1984",NA
"2526","Leon","1984",82
"2527","Leonard","1984",NA
"2528","Leslie","1984",NA
"2529","Lewis","1984",66
"2530","Liam","1984",56
"2531","Lionel","1984",NA
"2532","Logan","1984",NA
"2533","Louie","1984",NA
"2534","Louis","1984",NA
"2535","Luca","1984",NA
"2536","Lucas","1984",NA
"2537","Luke","1984",29
"2538","Malcolm","1984",NA
"2539","Marc","1984",62
"2540","Marcus","1984",NA
"2541","Mark","1984",10
"2542","Martin","1984",36
"2543","Martyn","1984",94
"2544","Mason","1984",NA
"2545","Mathew","1984",73
"2546","Matthew","1984",6
"2547","Maurice","1984",NA
"2548","Max","1984",NA
"2549","Melvyn","1984",NA
"2550","Michael","1984",5
"2551","Mitchell","1984",NA
"2552","Mohamed","1984",NA
"2553","Mohammad","1984",83
"2554","Mohammed","1984",54
"2555","Morgan","1984",NA
"2556","Morris","1984",NA
"2557","Muhammad","1984",NA
"2558","Nathan","1984",57
"2559","Neil","1984",42
"2560","Neville","1984",NA
"2561","Nicholas","1984",22
"2562","Nigel","1984",NA
"2563","Noah","1984",NA
"2564","Noel","1984",NA
"2565","Norman","1984",NA
"2566","Oliver","1984",48
"2567","Ollie","1984",NA
"2568","Oscar","1984",NA
"2569","Owen","1984",NA
"2570","Patrick","1984",65
"2571","Paul","1984",9
"2572","Percival","1984",NA
"2573","Percy","1984",NA
"2574","Peter","1984",23
"2575","Philip","1984",32
"2576","Phillip","1984",64
"2577","Ralph","1984",NA
"2578","Raymond","1984",NA
"2579","Reece","1984",NA
"2580","Reggie","1984",NA
"2581","Reginald","1984",NA
"2582","Reuben","1984",NA
"2583","Rhys","1984",NA
"2584","Richard","1984",8
"2585","Ricky","1984",75
"2586","Riley","1984",NA
"2587","Robert","1984",13
"2588","Robin","1984",99
"2589","Rodney","1984",NA
"2590","Roger","1984",NA
"2591","Roland","1984",NA
"2592","Roman","1984",NA
"2593","Ronald","1984",NA
"2594","Ronnie","1984",NA
"2595","Rory","1984",NA
"2596","Ross","1984",60
"2597","Roy","1984",NA
"2598","Royston","1984",NA
"2599","Russell","1984",68
"2600","Ryan","1984",28
"2601","Sam","1984",72
"2602","Samuel","1984",43
"2603","Scott","1984",38
"2604","Sean","1984",46
"2605","Sebastian","1984",NA
"2606","Shane","1984",70
"2607","Shaun","1984",52
"2608","Sidney","1984",NA
"2609","Simon","1984",21
"2610","Stanley","1984",NA
"2611","Stephen","1984",20
"2612","Steven","1984",17
"2613","Stewart","1984",98
"2614","Stuart","1984",31
"2615","Sydney","1984",NA
"2616","Taylor","1984",NA
"2617","Teddy","1984",NA
"2618","Terence","1984",NA
"2619","Terry","1984",84
"2620","Theo","1984",NA
"2621","Theodore","1984",NA
"2622","Thomas","1984",11
"2623","Timothy","1984",47
"2624","Toby","1984",NA
"2625","Tom","1984",NA
"2626","Tommy","1984",NA
"2627","Tony","1984",77
"2628","Trevor","1984",NA
"2629","Tyler","1984",NA
"2630","Victor","1984",NA
"2631","Vincent","1984",NA
"2632","Walter","1984",NA
"2633","Wayne","1984",50
"2634","Wilfred","1984",NA
"2635","William","1984",34
"2636","Zachary","1984",NA
"2637","Zak","1984",NA
"2638","Aaron","1994",32
"2639","Abdul","1994",NA
"2640","Adam","1994",11
"2641","Adrian","1994",NA
"2642","Aidan","1994",NA
"2643","Alan","1994",NA
"2644","Albert","1994",NA
"2645","Albie","1994",NA
"2646","Alec","1994",NA
"2647","Alex","1994",50
"2648","Alexander","1994",13
"2649","Alfie","1994",NA
"2650","Alfred","1994",NA
"2651","Allan","1994",NA
"2652","Andrew","1994",20
"2653","Anthony","1994",58
"2654","Antony","1994",NA
"2655","Archibald","1994",NA
"2656","Archie","1994",NA
"2657","Arlo","1994",NA
"2658","Arnold","1994",NA
"2659","Arthur","1994",NA
"2660","Ashley","1994",33
"2661","Austin","1994",NA
"2662","Bailey","1994",NA
"2663","Barrie","1994",NA
"2664","Barry","1994",NA
"2665","Basil","1994",NA
"2666","Ben","1994",40
"2667","Benjamin","1994",15
"2668","Bernard","1994",NA
"2669","Bertie","1994",NA
"2670","Bertram","1994",NA
"2671","Billy","1994",78
"2672","Blake","1994",NA
"2673","Bobby","1994",NA
"2674","Bradley","1994",34
"2675","Brandon","1994",86
"2676","Brett","1994",NA
"2677","Brian","1994",NA
"2678","Bruce","1994",NA
"2679","Bryan","1994",NA
"2680","Caleb","1994",NA
"2681","Callum","1994",31
"2682","Cameron","1994",65
"2683","Carl","1994",84
"2684","Carter","1994",NA
"2685","Cecil","1994",NA
"2686","Charles","1994",44
"2687","Charlie","1994",59
"2688","Christian","1994",92
"2689","Christopher","1994",14
"2690","Clarence","1994",NA
"2691","Claude","1994",NA
"2692","Clifford","1994",NA
"2693","Clive","1994",NA
"2694","Colin","1994",NA
"2695","Connor","1994",28
"2696","Conor","1994",68
"2697","Corey","1994",NA
"2698","Craig","1994",61
"2699","Cyril","1994",NA
"2700","Dale","1994",63
"2701","Damian","1994",NA
"2702","Damien","1994",NA
"2703","Daniel","1994",4
"2704","Danny","1994",91
"2705","Darren","1994",100
"2706","David","1994",24
"2707","Dean","1994",67
"2708","Declan","1994",94
"2709","Denis","1994",NA
"2710","Dennis","1994",NA
"2711","Derek","1994",NA
"2712","Derrick","1994",NA
"2713","Desmond","1994",NA
"2714","Dexter","1994",NA
"2715","Dominic","1994",52
"2716","Donald","1994",NA
"2717","Douglas","1994",NA
"2718","Duncan","1994",NA
"2719","Dylan","1994",83
"2720","Edgar","1994",NA
"2721","Edmund","1994",NA
"2722","Edward","1994",47
"2723","Edwin","1994",NA
"2724","Elijah","1994",NA
"2725","Elliot","1994",70
"2726","Elliott","1994",85
"2727","Ellis","1994",NA
"2728","Eric","1994",NA
"2729","Ernest","1994",NA
"2730","Ethan","1994",NA
"2731","Evan","1994",NA
"2732","Ewan","1994",NA
"2733","Ezra","1994",NA
"2734","Felix","1994",NA
"2735","Finlay","1994",NA
"2736","Finley","1994",NA
"2737","Finn","1994",NA
"2738","Francis","1994",NA
"2739","Frank","1994",NA
"2740","Frankie","1994",NA
"2741","Fred","1994",NA
"2742","Freddie","1994",NA
"2743","Frederick","1994",NA
"2744","Gabriel","1994",NA
"2745","Gareth","1994",90
"2746","Garry","1994",NA
"2747","Gary","1994",NA
"2748","Gavin","1994",NA
"2749","Geoffrey","1994",NA
"2750","George","1994",21
"2751","Gerald","1994",NA
"2752","Gerard","1994",NA
"2753","Gilbert","1994",NA
"2754","Glen","1994",NA
"2755","Glenn","1994",NA
"2756","Gordon","1994",NA
"2757","Graeme","1994",NA
"2758","Graham","1994",NA
"2759","Gregory","1994",NA
"2760","Guy","1994",NA
"2761","Harley","1994",NA
"2762","Harold","1994",NA
"2763","Harrison","1994",NA
"2764","Harry","1994",30
"2765","Harvey","1994",NA
"2766","Hector","1994",NA
"2767","Henry","1994",74
"2768","Herbert","1994",NA
"2769","Horace","1994",NA
"2770","Howard","1994",NA
"2771","Hubert","1994",NA
"2772","Hugh","1994",NA
"2773","Hugo","1994",NA
"2774","Iain","1994",NA
"2775","Ian","1994",NA
"2776","Ibrahim","1994",NA
"2777","Isaac","1994",NA
"2778","Ivan","1994",NA
"2779","Ivor","1994",NA
"2780","Jack","1994",3
"2781","Jackson","1994",NA
"2782","Jacob","1994",35
"2783","Jake","1994",18
"2784","James","1994",2
"2785","Jamie","1994",26
"2786","Jason","1994",62
"2787","Jasper","1994",NA
"2788","Jaxon","1994",NA
"2789","Jay","1994",98
"2790","Jayden","1994",NA
"2791","Jeffrey","1994",NA
"2792","Jenson","1994",NA
"2793","Jeremy","1994",NA
"2794","Jesse","1994",NA
"2795","Joe","1994",53
"2796","Joel","1994",80
"2797","John","1994",39
"2798","Jonathan","1994",29
"2799","Jordan","1994",10
"2800","Joseph","1994",16
"2801","Josh","1994",81
"2802","Joshua","1994",7
"2803","Jude","1994",NA
"2804","Julian","1994",NA
"2805","Justin","1994",NA
"2806","Kai","1994",NA
"2807","Karl","1994",95
"2808","Keith","1994",NA
"2809","Kenneth","1994",NA
"2810","Kevin","1994",NA
"2811","Kian","1994",NA
"2812","Kieran","1994",36
"2813","Kyle","1994",43
"2814","Laurence","1994",NA
"2815","Lawrence","1994",NA
"2816","Lee","1994",55
"2817","Leigh","1994",NA
"2818","Leo","1994",NA
"2819","Leon","1994",NA
"2820","Leonard","1994",NA
"2821","Leslie","1994",NA
"2822","Lewis","1994",22
"2823","Liam","1994",17
"2824","Lionel","1994",NA
"2825","Logan","1994",NA
"2826","Louie","1994",NA
"2827","Louis","1994",66
"2828","Luca","1994",NA
"2829","Lucas","1994",NA
"2830","Luke","1994",8
"2831","Malcolm","1994",NA
"2832","Marc","1994",NA
"2833","Marcus","1994",82
"2834","Mark","1994",45
"2835","Martin","1994",87
"2836","Martyn","1994",NA
"2837","Mason","1994",NA
"2838","Mathew","1994",97
"2839","Matthew","1994",5
"2840","Maurice","1994",NA
"2841","Max","1994",72
"2842","Melvyn","1994",NA
"2843","Michael","1994",12
"2844","Mitchell","1994",77
"2845","Mohamed","1994",NA
"2846","Mohammad","1994",96
"2847","Mohammed","1994",41
"2848","Morgan","1994",NA
"2849","Morris","1994",NA
"2850","Muhammad","1994",NA
"2851","Nathan","1994",27
"2852","Neil","1994",NA
"2853","Neville","1994",NA
"2854","Nicholas","1994",42
"2855","Nigel","1994",NA
"2856","Noah","1994",NA
"2857","Noel","1994",NA
"2858","Norman","1994",NA
"2859","Oliver","1994",23
"2860","Ollie","1994",NA
"2861","Oscar","1994",NA
"2862","Owen","1994",99
"2863","Patrick","1994",71
"2864","Paul","1994",60
"2865","Percival","1994",NA
"2866","Percy","1994",NA
"2867","Peter","1994",51
"2868","Philip","1994",79
"2869","Phillip","1994",NA
"2870","Ralph","1994",NA
"2871","Raymond","1994",NA
"2872","Reece","1994",54
"2873","Reggie","1994",NA
"2874","Reginald","1994",NA
"2875","Reuben","1994",NA
"2876","Rhys","1994",56
"2877","Richard","1994",49
"2878","Ricky","1994",NA
"2879","Riley","1994",NA
"2880","Robert","1994",25
"2881","Robin","1994",NA
"2882","Rodney","1994",NA
"2883","Roger","1994",NA
"2884","Roland","1994",NA
"2885","Roman","1994",NA
"2886","Ronald","1994",NA
"2887","Ronnie","1994",NA
"2888","Rory","1994",NA
"2889","Ross","1994",64
"2890","Roy","1994",NA
"2891","Royston","1994",NA
"2892","Russell","1994",NA
"2893","Ryan","1994",6
"2894","Sam","1994",38
"2895","Samuel","1994",9
"2896","Scott","1994",37
"2897","Sean","1994",46
"2898","Sebastian","1994",NA
"2899","Shane","1994",69
"2900","Shaun","1994",73
"2901","Sidney","1994",NA
"2902","Simon","1994",75
"2903","Stanley","1994",NA
"2904","Stephen","1994",48
"2905","Steven","1994",57
"2906","Stewart","1994",NA
"2907","Stuart","1994",89
"2908","Sydney","1994",NA
"2909","Taylor","1994",NA
"2910","Teddy","1994",NA
"2911","Terence","1994",NA
"2912","Terry","1994",NA
"2913","Theo","1994",NA
"2914","Theodore","1994",NA
"2915","Thomas","1994",1
"2916","Timothy","1994",76
"2917","Toby","1994",88
"2918","Tom","1994",93
"2919","Tommy","1994",NA
"2920","Tony","1994",NA
"2921","Trevor","1994",NA
"2922","Tyler","1994",NA
"2923","Victor","1994",NA
"2924","Vincent","1994",NA
"2925","Walter","1994",NA
"2926","Wayne","1994",NA
"2927","Wilfred","1994",NA
"2928","William","1994",19
"2929","Zachary","1994",NA
"2930","Zak","1994",NA
"2931","Aaron","2005",45
"2932","Abdul","2005",NA
"2933","Adam","2005",26
"2934","Adrian","2005",NA
"2935","Aidan","2005",78
"2936","Alan","2005",NA
"2937","Albert","2005",NA
"2938","Albie","2005",NA
"2939","Alec","2005",NA
"2940","Alex","2005",53
"2941","Alexander","2005",22
"2942","Alfie","2005",23
"2943","Alfred","2005",NA
"2944","Allan","2005",NA
"2945","Andrew","2005",88
"2946","Anthony","2005",NA
"2947","Antony","2005",NA
"2948","Archibald","2005",NA
"2949","Archie","2005",38
"2950","Arlo","2005",NA
"2951","Arnold","2005",NA
"2952","Arthur","2005",NA
"2953","Ashley","2005",NA
"2954","Austin","2005",NA
"2955","Bailey","2005",62
"2956","Barrie","2005",NA
"2957","Barry","2005",NA
"2958","Basil","2005",NA
"2959","Ben","2005",32
"2960","Benjamin","2005",11
"2961","Bernard","2005",NA
"2962","Bertie","2005",NA
"2963","Bertram","2005",NA
"2964","Billy","2005",71
"2965","Blake","2005",NA
"2966","Bobby","2005",NA
"2967","Bradley","2005",39
"2968","Brandon","2005",47
"2969","Brett","2005",NA
"2970","Brian","2005",NA
"2971","Bruce","2005",NA
"2972","Bryan","2005",NA
"2973","Caleb","2005",NA
"2974","Callum","2005",14
"2975","Cameron","2005",34
"2976","Carl","2005",NA
"2977","Carter","2005",NA
"2978","Cecil","2005",NA
"2979","Charles","2005",49
"2980","Charlie","2005",12
"2981","Christian","2005",NA
"2982","Christopher","2005",76
"2983","Clarence","2005",NA
"2984","Claude","2005",NA
"2985","Clifford","2005",NA
"2986","Clive","2005",NA
"2987","Colin","2005",NA
"2988","Connor","2005",30
"2989","Conor","2005",NA
"2990","Corey","2005",91
"2991","Craig","2005",NA
"2992","Cyril","2005",NA
"2993","Dale","2005",NA
"2994","Damian","2005",NA
"2995","Damien","2005",NA
"2996","Daniel","2005",6
"2997","Danny","2005",NA
"2998","Darren","2005",NA
"2999","David","2005",61
"3000","Dean","2005",NA
"3001","Declan","2005",NA
"3002","Denis","2005",NA
"3003","Dennis","2005",NA
"3004","Derek","2005",NA
"3005","Derrick","2005",NA
"3006","Desmond","2005",NA
"3007","Dexter","2005",NA
"3008","Dominic","2005",86
"3009","Donald","2005",NA
"3010","Douglas","2005",NA
"3011","Duncan","2005",NA
"3012","Dylan","2005",24
"3013","Edgar","2005",NA
"3014","Edmund","2005",NA
"3015","Edward","2005",46
"3016","Edwin","2005",NA
"3017","Elijah","2005",NA
"3018","Elliot","2005",82
"3019","Elliott","2005",NA
"3020","Ellis","2005",87
"3021","Eric","2005",NA
"3022","Ernest","2005",NA
"3023","Ethan","2005",18
"3024","Evan","2005",97
"3025","Ewan","2005",90
"3026","Ezra","2005",NA
"3027","Felix","2005",NA
"3028","Finlay","2005",57
"3029","Finley","2005",64
"3030","Finn","2005",NA
"3031","Francis","2005",NA
"3032","Frank","2005",NA
"3033","Frankie","2005",NA
"3034","Fred","2005",NA
"3035","Freddie","2005",79
"3036","Frederick","2005",98
"3037","Gabriel","2005",96
"3038","Gareth","2005",NA
"3039","Garry","2005",NA
"3040","Gary","2005",NA
"3041","Gavin","2005",NA
"3042","Geoffrey","2005",NA
"3043","George","2005",17
"3044","Gerald","2005",NA
"3045","Gerard","2005",NA
"3046","Gilbert","2005",NA
"3047","Glen","2005",NA
"3048","Glenn","2005",NA
"3049","Gordon","2005",NA
"3050","Graeme","2005",NA
"3051","Graham","2005",NA
"3052","Gregory","2005",NA
"3053","Guy","2005",NA
"3054","Harley","2005",70
"3055","Harold","2005",NA
"3056","Harrison","2005",40
"3057","Harry","2005",9
"3058","Harvey","2005",27
"3059","Hector","2005",NA
"3060","Henry","2005",44
"3061","Herbert","2005",NA
"3062","Horace","2005",NA
"3063","Howard","2005",NA
"3064","Hubert","2005",NA
"3065","Hugh","2005",NA
"3066","Hugo","2005",NA
"3067","Iain","2005",NA
"3068","Ian","2005",NA
"3069","Ibrahim","2005",NA
"3070","Isaac","2005",54
"3071","Ivan","2005",NA
"3072","Ivor","2005",NA
"3073","Jack","2005",1
"3074","Jackson","2005",NA
"3075","Jacob","2005",21
"3076","Jake","2005",16
"3077","James","2005",4
"3078","Jamie","2005",33
"3079","Jason","2005",NA
"3080","Jasper","2005",NA
"3081","Jaxon","2005",NA
"3082","Jay","2005",81
"3083","Jayden","2005",84
"3084","Jeffrey","2005",NA
"3085","Jenson","2005",NA
"3086","Jeremy","2005",NA
"3087","Jesse","2005",NA
"3088","Joe","2005",65
"3089","Joel","2005",69
"3090","John","2005",72
"3091","Jonathan","2005",93
"3092","Jordan","2005",NA
"3093","Joseph","2005",10
"3094","Josh","2005",NA
"3095","Joshua","2005",2
"3096","Jude","2005",NA
"3097","Julian","2005",NA
"3098","Justin","2005",NA
"3099","Kai","2005",66
"3100","Karl","2005",NA
"3101","Keith","2005",NA
"3102","Kenneth","2005",NA
"3103","Kevin","2005",NA
"3104","Kian","2005",63
"3105","Kieran","2005",50
"3106","Kyle","2005",41
"3107","Laurence","2005",NA
"3108","Lawrence","2005",NA
"3109","Lee","2005",NA
"3110","Leigh","2005",NA
"3111","Leo","2005",37
"3112","Leon","2005",75
"3113","Leonard","2005",NA
"3114","Leslie","2005",NA
"3115","Lewis","2005",19
"3116","Liam","2005",28
"3117","Lionel","2005",NA
"3118","Logan","2005",77
"3119","Louie","2005",NA
"3120","Louis","2005",43
"3121","Luca","2005",83
"3122","Lucas","2005",58
"3123","Luke","2005",13
"3124","Malcolm","2005",NA
"3125","Marc","2005",NA
"3126","Marcus","2005",NA
"3127","Mark","2005",NA
"3128","Martin","2005",NA
"3129","Martyn","2005",NA
"3130","Mason","2005",60
"3131","Mathew","2005",NA
"3132","Matthew","2005",15
"3133","Maurice","2005",NA
"3134","Max","2005",31
"3135","Melvyn","2005",NA
"3136","Michael","2005",42
"3137","Mitchell","2005",NA
"3138","Mohamed","2005",NA
"3139","Mohammad","2005",68
"3140","Mohammed","2005",20
"3141","Morgan","2005",80
"3142","Morris","2005",NA
"3143","Muhammad","2005",52
"3144","Nathan","2005",35
"3145","Neil","2005",NA
"3146","Neville","2005",NA
"3147","Nicholas","2005",NA
"3148","Nigel","2005",NA
"3149","Noah","2005",51
"3150","Noel","2005",NA
"3151","Norman","2005",NA
"3152","Oliver","2005",5
"3153","Ollie","2005",NA
"3154","Oscar","2005",55
"3155","Owen","2005",36
"3156","Patrick","2005",92
"3157","Paul","2005",NA
"3158","Percival","2005",NA
"3159","Percy","2005",NA
"3160","Peter","2005",NA
"3161","Philip","2005",NA
"3162","Phillip","2005",NA
"3163","Ralph","2005",NA
"3164","Raymond","2005",NA
"3165","Reece","2005",56
"3166","Reggie","2005",NA
"3167","Reginald","2005",NA
"3168","Reuben","2005",NA
"3169","Rhys","2005",59
"3170","Richard","2005",NA
"3171","Ricky","2005",NA
"3172","Riley","2005",74
"3173","Robert","2005",73
"3174","Robin","2005",NA
"3175","Rodney","2005",NA
"3176","Roger","2005",NA
"3177","Roland","2005",NA
"3178","Roman","2005",NA
"3179","Ronald","2005",NA
"3180","Ronnie","2005",NA
"3181","Rory","2005",NA
"3182","Ross","2005",NA
"3183","Roy","2005",NA
"3184","Royston","2005",NA
"3185","Russell","2005",NA
"3186","Ryan","2005",25
"3187","Sam","2005",67
"3188","Samuel","2005",7
"3189","Scott","2005",99
"3190","Sean","2005",94
"3191","Sebastian","2005",89
"3192","Shane","2005",NA
"3193","Shaun","2005",NA
"3194","Sidney","2005",NA
"3195","Simon","2005",NA
"3196","Stanley","2005",NA
"3197","Stephen","2005",NA
"3198","Steven","2005",NA
"3199","Stewart","2005",NA
"3200","Stuart","2005",NA
"3201","Sydney","2005",NA
"3202","Taylor","2005",85
"3203","Teddy","2005",NA
"3204","Terence","2005",NA
"3205","Terry","2005",NA
"3206","Theo","2005",NA
"3207","Theodore","2005",NA
"3208","Thomas","2005",3
"3209","Timothy","2005",NA
"3210","Toby","2005",48
"3211","Tom","2005",NA
"3212","Tommy","2005",NA
"3213","Tony","2005",NA
"3214","Trevor","2005",NA
"3215","Tyler","2005",29
"3216","Victor","2005",NA
"3217","Vincent","2005",NA
"3218","Walter","2005",NA
"3219","Wayne","2005",NA
"3220","Wilfred","2005",NA
"3221","William","2005",8
"3222","Zachary","2005",95
"3223","Zak","2005",100
"3224","Aaron","2016",95
"3225","Abdul","2016",NA
"3226","Adam","2016",37
"3227","Adrian","2016",NA
"3228","Aidan","2016",NA
"3229","Alan","2016",NA
"3230","Albert","2016",64
"3231","Albie","2016",88
"3232","Alec","2016",NA
"3233","Alex","2016",84
"3234","Alexander","2016",21
"3235","Alfie","2016",14
"3236","Alfred","2016",NA
"3237","Allan","2016",NA
"3238","Andrew","2016",NA
"3239","Anthony","2016",NA
"3240","Antony","2016",NA
"3241","Archibald","2016",NA
"3242","Archie","2016",18
"3243","Arlo","2016",49
"3244","Arnold","2016",NA
"3245","Arthur","2016",30
"3246","Ashley","2016",NA
"3247","Austin","2016",85
"3248","Bailey","2016",NA
"3249","Barrie","2016",NA
"3250","Barry","2016",NA
"3251","Basil","2016",NA
"3252","Ben","2016",NA
"3253","Benjamin","2016",33
"3254","Bernard","2016",NA
"3255","Bertie","2016",NA
"3256","Bertram","2016",NA
"3257","Billy","2016",NA
"3258","Blake","2016",73
"3259","Bobby","2016",90
"3260","Bradley","2016",NA
"3261","Brandon","2016",NA
"3262","Brett","2016",NA
"3263","Brian","2016",NA
"3264","Bruce","2016",NA
"3265","Bryan","2016",NA
"3266","Caleb","2016",86
"3267","Callum","2016",NA
"3268","Cameron","2016",NA
"3269","Carl","2016",NA
"3270","Carter","2016",82
"3271","Cecil","2016",NA
"3272","Charles","2016",72
"3273","Charlie","2016",7
"3274","Christian","2016",NA
"3275","Christopher","2016",NA
"3276","Clarence","2016",NA
"3277","Claude","2016",NA
"3278","Clifford","2016",NA
"3279","Clive","2016",NA
"3280","Colin","2016",NA
"3281","Connor","2016",NA
"3282","Conor","2016",NA
"3283","Corey","2016",NA
"3284","Craig","2016",NA
"3285","Cyril","2016",NA
"3286","Dale","2016",NA
"3287","Damian","2016",NA
"3288","Damien","2016",NA
"3289","Daniel","2016",28
"3290","Danny","2016",NA
"3291","Darren","2016",NA
"3292","David","2016",43
"3293","Dean","2016",NA
"3294","Declan","2016",NA
"3295","Denis","2016",NA
"3296","Dennis","2016",NA
"3297","Derek","2016",NA
"3298","Derrick","2016",NA
"3299","Desmond","2016",NA
"3300","Dexter","2016",83
"3301","Dominic","2016",NA
"3302","Donald","2016",NA
"3303","Douglas","2016",NA
"3304","Duncan","2016",NA
"3305","Dylan","2016",38
"3306","Edgar","2016",NA
"3307","Edmund","2016",NA
"3308","Edward","2016",23
"3309","Edwin","2016",NA
"3310","Elijah","2016",44
"3311","Elliot","2016",66
"3312","Elliott","2016",74
"3313","Ellis","2016",89
"3314","Eric","2016",NA
"3315","Ernest","2016",NA
"3316","Ethan","2016",19
"3317","Evan","2016",NA
"3318","Ewan","2016",NA
"3319","Ezra","2016",91
"3320","Felix","2016",99
"3321","Finlay","2016",NA
"3322","Finley","2016",35
"3323","Finn","2016",100
"3324","Francis","2016",NA
"3325","Frank","2016",NA
"3326","Frankie","2016",63
"3327","Fred","2016",NA
"3328","Freddie","2016",17
"3329","Frederick","2016",76
"3330","Gabriel","2016",67
"3331","Gareth","2016",NA
"3332","Garry","2016",NA
"3333","Gary","2016",NA
"3334","Gavin","2016",NA
"3335","Geoffrey","2016",NA
"3336","George","2016",3
"3337","Gerald","2016",NA
"3338","Gerard","2016",NA
"3339","Gilbert","2016",NA
"3340","Glen","2016",NA
"3341","Glenn","2016",NA
"3342","Gordon","2016",NA
"3343","Graeme","2016",NA
"3344","Graham","2016",NA
"3345","Gregory","2016",NA
"3346","Guy","2016",NA
"3347","Harley","2016",55
"3348","Harold","2016",NA
"3349","Harrison","2016",32
"3350","Harry","2016",2
"3351","Harvey","2016",54
"3352","Hector","2016",NA
"3353","Henry","2016",15
"3354","Herbert","2016",NA
"3355","Horace","2016",NA
"3356","Howard","2016",NA
"3357","Hubert","2016",NA
"3358","Hugh","2016",NA
"3359","Hugo","2016",50
"3360","Iain","2016",NA
"3361","Ian","2016",NA
"3362","Ibrahim","2016",96
"3363","Isaac","2016",20
"3364","Ivan","2016",NA
"3365","Ivor","2016",NA
"3366","Jack","2016",4
"3367","Jackson","2016",79
"3368","Jacob","2016",5
"3369","Jake","2016",45
"3370","James","2016",12
"3371","Jamie","2016",NA
"3372","Jason","2016",NA
"3373","Jasper","2016",98
"3374","Jaxon","2016",51
"3375","Jay","2016",NA
"3376","Jayden","2016",61
"3377","Jeffrey","2016",NA
"3378","Jenson","2016",58
"3379","Jeremy","2016",NA
"3380","Jesse","2016",94
"3381","Joe","2016",NA
"3382","Joel","2016",NA
"3383","John","2016",NA
"3384","Jonathan","2016",NA
"3385","Jordan","2016",NA
"3386","Joseph","2016",22
"3387","Josh","2016",NA
"3388","Joshua","2016",16
"3389","Jude","2016",62
"3390","Julian","2016",NA
"3391","Justin","2016",NA
"3392","Kai","2016",87
"3393","Karl","2016",NA
"3394","Keith","2016",NA
"3395","Kenneth","2016",NA
"3396","Kevin","2016",NA
"3397","Kian","2016",NA
"3398","Kieran","2016",NA
"3399","Kyle","2016",NA
"3400","Laurence","2016",NA
"3401","Lawrence","2016",NA
"3402","Lee","2016",NA
"3403","Leigh","2016",NA
"3404","Leo","2016",13
"3405","Leon","2016",92
"3406","Leonard","2016",NA
"3407","Leslie","2016",NA
"3408","Lewis","2016",75
"3409","Liam","2016",97
"3410","Lionel","2016",NA
"3411","Logan","2016",26
"3412","Louie","2016",47
"3413","Louis","2016",71
"3414","Luca","2016",52
"3415","Lucas","2016",27
"3416","Luke","2016",59
"3417","Malcolm","2016",NA
"3418","Marc","2016",NA
"3419","Marcus","2016",NA
"3420","Mark","2016",NA
"3421","Martin","2016",NA
"3422","Martyn","2016",NA
"3423","Mason","2016",34
"3424","Mathew","2016",NA
"3425","Matthew","2016",53
"3426","Maurice","2016",NA
"3427","Max","2016",25
"3428","Melvyn","2016",NA
"3429","Michael","2016",60
"3430","Mitchell","2016",NA
"3431","Mohamed","2016",NA
"3432","Mohammad","2016",68
"3433","Mohammed","2016",31
"3434","Morgan","2016",NA
"3435","Morris","2016",NA
"3436","Muhammad","2016",8
"3437","Nathan","2016",77
"3438","Neil","2016",NA
"3439","Neville","2016",NA
"3440","Nicholas","2016",NA
"3441","Nigel","2016",NA
"3442","Noah","2016",6
"3443","Noel","2016",NA
"3444","Norman","2016",NA
"3445","Oliver","2016",1
"3446","Ollie","2016",69
"3447","Oscar","2016",10
"3448","Owen","2016",NA
"3449","Patrick","2016",NA
"3450","Paul","2016",NA
"3451","Percival","2016",NA
"3452","Percy","2016",NA
"3453","Peter","2016",NA
"3454","Philip","2016",NA
"3455","Phillip","2016",NA
"3456","Ralph","2016",NA
"3457","Raymond","2016",NA
"3458","Reece","2016",NA
"3459","Reggie","2016",56
"3460","Reginald","2016",NA
"3461","Reuben","2016",48
"3462","Rhys","2016",NA
"3463","Richard","2016",NA
"3464","Ricky","2016",NA
"3465","Riley","2016",40
"3466","Robert","2016",NA
"3467","Robin","2016",NA
"3468","Rodney","2016",NA
"3469","Roger","2016",NA
"3470","Roland","2016",NA
"3471","Roman","2016",93
"3472","Ronald","2016",NA
"3473","Ronnie","2016",70
"3474","Rory","2016",80
"3475","Ross","2016",NA
"3476","Roy","2016",NA
"3477","Royston","2016",NA
"3478","Russell","2016",NA
"3479","Ryan","2016",81
"3480","Sam","2016",NA
"3481","Samuel","2016",24
"3482","Scott","2016",NA
"3483","Sean","2016",NA
"3484","Sebastian","2016",36
"3485","Shane","2016",NA
"3486","Shaun","2016",NA
"3487","Sidney","2016",NA
"3488","Simon","2016",NA
"3489","Stanley","2016",65
"3490","Stephen","2016",NA
"3491","Steven","2016",NA
"3492","Stewart","2016",NA
"3493","Stuart","2016",NA
"3494","Sydney","2016",NA
"3495","Taylor","2016",NA
"3496","Teddy","2016",41
"3497","Terence","2016",NA
"3498","Terry","2016",NA
"3499","Theo","2016",29
"3500","Theodore","2016",42
"3501","Thomas","2016",9
"3502","Timothy","2016",NA
"3503","Toby","2016",46
"3504","Tom","2016",NA
"3505","Tommy","2016",57
"3506","Tony","2016",NA
"3507","Trevor","2016",NA
"3508","Tyler","2016",78
"3509","Victor","2016",NA
"3510","Vincent","2016",NA
"3511","Walter","2016",NA
"3512","Wayne","2016",NA
"3513","Wilfred","2016",NA
"3514","William","2016",11
"3515","Zachary","2016",39
"3516","Zak","2016",NA
